{"startDate":"2016-01-01","endDate":"2020-04-03","timeUnit":"date","results":[{"title":"전력설비","keywords":["전력설비"],"data":[{"period":"2016-01-04","ratio":0.00015},{"period":"2016-01-05","ratio":0.00023},{"period":"2016-01-06","ratio":0.00003},{"period":"2016-01-11","ratio":0.00007},{"period":"2016-01-12","ratio":0.00003},{"period":"2016-01-13","ratio":0.00011},{"period":"2016-01-20","ratio":0.00031},{"period":"2016-01-22","ratio":0.00019},{"period":"2016-01-26","ratio":0.00003},{"period":"2016-01-28","ratio":0.00015},{"period":"2016-01-29","ratio":0.00027},{"period":"2016-01-30","ratio":0.00007},{"period":"2016-02-01","ratio":0.00023},{"period":"2016-02-02","ratio":0.00011},{"period":"2016-02-04","ratio":0.00011},{"period":"2016-02-13","ratio":0.00007},{"period":"2016-02-16","ratio":0.00027},{"period":"2016-02-17","ratio":0.00003},{"period":"2016-02-19","ratio":0.00011},{"period":"2016-02-22","ratio":0.00003},{"period":"2016-02-23","ratio":0.00007},{"period":"2016-02-24","ratio":0.00007},{"period":"2016-02-25","ratio":0.00015},{"period":"2016-02-26","ratio":0.00011},{"period":"2016-02-28","ratio":0.00011},{"period":"2016-02-29","ratio":0.00003},{"period":"2016-03-01","ratio":0.00007},{"period":"2016-03-02","ratio":0.00019},{"period":"2016-03-03","ratio":0.00035},{"period":"2016-03-04","ratio":0.00015},{"period":"2016-03-07","ratio":0.00003},{"period":"2016-03-08","ratio":0.00011},{"period":"2016-03-09","ratio":0.00003},{"period":"2016-03-10","ratio":0.00015},{"period":"2016-03-11","ratio":0.00007},{"period":"2016-03-14","ratio":0.00027},{"period":"2016-03-15","ratio":0.00003},{"period":"2016-03-16","ratio":0.00011},{"period":"2016-03-18","ratio":0.00003},{"period":"2016-03-21","ratio":0.00011},{"period":"2016-03-22","ratio":0.00027},{"period":"2016-03-24","ratio":0.00003},{"period":"2016-03-27","ratio":0.00007},{"period":"2016-03-30","ratio":0.00007},{"period":"2016-03-31","ratio":0.00015},{"period":"2016-04-04","ratio":0.00011},{"period":"2016-04-05","ratio":0.00007},{"period":"2016-04-06","ratio":0.00015},{"period":"2016-04-07","ratio":0.00015},{"period":"2016-04-08","ratio":0.00011},{"period":"2016-04-11","ratio":0.00007},{"period":"2016-04-19","ratio":0.00007},{"period":"2016-04-20","ratio":0.00011},{"period":"2016-04-22","ratio":0.00015},{"period":"2016-04-26","ratio":0.00015},{"period":"2016-04-27","ratio":0.00003},{"period":"2016-05-02","ratio":0.00019},{"period":"2016-05-03","ratio":0.00023},{"period":"2016-05-04","ratio":0.00007},{"period":"2016-05-05","ratio":0.00007},{"period":"2016-05-07","ratio":0.00003},{"period":"2016-05-09","ratio":0.00007},{"period":"2016-05-10","ratio":0.00011},{"period":"2016-05-11","ratio":0.00011},{"period":"2016-05-12","ratio":0.00011},{"period":"2016-05-13","ratio":0.00007},{"period":"2016-05-16","ratio":0.00007},{"period":"2016-05-17","ratio":0.00011},{"period":"2016-05-18","ratio":0.00003},{"period":"2016-05-19","ratio":0.00003},{"period":"2016-05-20","ratio":0.00015},{"period":"2016-05-22","ratio":0.00003},{"period":"2016-05-23","ratio":0.00003},{"period":"2016-05-24","ratio":0.00019},{"period":"2016-05-25","ratio":0.00011},{"period":"2016-05-26","ratio":0.00011},{"period":"2016-05-30","ratio":0.00007},{"period":"2016-05-31","ratio":0.00007},{"period":"2016-06-01","ratio":0.00015},{"period":"2016-06-02","ratio":0.00019},{"period":"2016-06-03","ratio":0.00011},{"period":"2016-06-06","ratio":0.00007},{"period":"2016-06-08","ratio":0.00015},{"period":"2016-06-10","ratio":0.00011},{"period":"2016-06-12","ratio":0.00007},{"period":"2016-06-14","ratio":0.00003},{"period":"2016-06-15","ratio":0.00007},{"period":"2016-06-18","ratio":0.00007},{"period":"2016-06-20","ratio":0.00003},{"period":"2016-06-21","ratio":0.00007},{"period":"2016-06-22","ratio":0.00007},{"period":"2016-06-24","ratio":0.00003},{"period":"2016-06-29","ratio":0.00003},{"period":"2016-07-01","ratio":0.00003},{"period":"2016-07-02","ratio":0.00003},{"period":"2016-07-04","ratio":0.00015},{"period":"2016-07-05","ratio":0.00007},{"period":"2016-07-07","ratio":0.00015},{"period":"2016-07-08","ratio":0.00003},{"period":"2016-07-09","ratio":0.00003},{"period":"2016-07-10","ratio":0.00011},{"period":"2016-07-11","ratio":0.00011},{"period":"2016-07-12","ratio":0.00015},{"period":"2016-07-13","ratio":0.00007},{"period":"2016-07-17","ratio":0.00003},{"period":"2016-07-18","ratio":0.00003},{"period":"2016-07-20","ratio":0.00015},{"period":"2016-07-21","ratio":0.00015},{"period":"2016-07-29","ratio":0.00007},{"period":"2016-08-07","ratio":0.00011},{"period":"2016-08-08","ratio":0.00019},{"period":"2016-08-09","ratio":0.00011},{"period":"2016-08-10","ratio":0.00003},{"period":"2016-08-11","ratio":0.00007},{"period":"2016-08-15","ratio":0.00003},{"period":"2016-08-16","ratio":0.00007},{"period":"2016-08-18","ratio":0.00003},{"period":"2016-08-19","ratio":0.00003},{"period":"2016-08-22","ratio":0.00011},{"period":"2016-08-23","ratio":0.00007},{"period":"2016-08-24","ratio":0.00007},{"period":"2016-08-25","ratio":0.00003},{"period":"2016-08-29","ratio":0.00007},{"period":"2016-08-30","ratio":0.00003},{"period":"2016-09-05","ratio":0.00011},{"period":"2016-09-06","ratio":0.00007},{"period":"2016-09-08","ratio":0.00003},{"period":"2016-09-12","ratio":0.00003},{"period":"2016-09-18","ratio":0.00007},{"period":"2016-09-19","ratio":0.00007},{"period":"2016-09-20","ratio":0.00003},{"period":"2016-09-21","ratio":0.00019},{"period":"2016-09-22","ratio":0.00003},{"period":"2016-09-23","ratio":0.00003},{"period":"2016-09-27","ratio":0.00003},{"period":"2016-09-28","ratio":0.00003},{"period":"2016-09-29","ratio":0.00003},{"period":"2016-09-30","ratio":0.00019},{"period":"2016-10-01","ratio":0.00003},{"period":"2016-10-03","ratio":0.00015},{"period":"2016-10-04","ratio":0.00007},{"period":"2016-10-05","ratio":0.00019},{"period":"2016-10-06","ratio":0.00015},{"period":"2016-10-07","ratio":0.00007},{"period":"2016-10-08","ratio":0.00011},{"period":"2016-10-10","ratio":0.00011},{"period":"2016-10-11","ratio":0.00023},{"period":"2016-10-12","ratio":0.00003},{"period":"2016-10-13","ratio":0.00051},{"period":"2016-10-14","ratio":0.00051},{"period":"2016-10-15","ratio":0.00015},{"period":"2016-10-16","ratio":0.00003},{"period":"2016-10-17","ratio":0.00031},{"period":"2016-10-18","ratio":0.00011},{"period":"2016-10-19","ratio":0.00011},{"period":"2016-10-20","ratio":0.00019},{"period":"2016-10-21","ratio":0.00019},{"period":"2016-10-24","ratio":0.00011},{"period":"2016-10-25","ratio":0.00019},{"period":"2016-10-26","ratio":0.00015},{"period":"2016-10-29","ratio":0.00007},{"period":"2016-10-31","ratio":0.00003},{"period":"2016-11-01","ratio":0.00019},{"period":"2016-11-02","ratio":0.00015},{"period":"2016-11-06","ratio":0.00003},{"period":"2016-11-07","ratio":0.00003},{"period":"2016-11-08","ratio":0.00027},{"period":"2016-11-09","ratio":0.00023},{"period":"2016-11-10","ratio":0.00007},{"period":"2016-11-12","ratio":0.00007},{"period":"2016-11-15","ratio":0.00019},{"period":"2016-11-16","ratio":0.00011},{"period":"2016-11-17","ratio":0.00023},{"period":"2016-11-21","ratio":0.00003},{"period":"2016-11-22","ratio":0.00015},{"period":"2016-11-23","ratio":0.00015},{"period":"2016-11-24","ratio":0.00011},{"period":"2016-11-28","ratio":0.00003},{"period":"2016-11-29","ratio":0.00015},{"period":"2016-11-30","ratio":0.00015},{"period":"2016-12-01","ratio":0.00003},{"period":"2016-12-02","ratio":0.00007},{"period":"2016-12-05","ratio":0.00003},{"period":"2016-12-06","ratio":0.00003},{"period":"2016-12-07","ratio":0.00015},{"period":"2016-12-08","ratio":0.00007},{"period":"2016-12-12","ratio":0.00003},{"period":"2016-12-15","ratio":0.00003},{"period":"2016-12-19","ratio":0.00003},{"period":"2016-12-21","ratio":0.00003},{"period":"2016-12-22","ratio":0.00007},{"period":"2016-12-23","ratio":0.00007},{"period":"2016-12-26","ratio":0.00003},{"period":"2016-12-28","ratio":0.00003},{"period":"2017-01-02","ratio":0.00003},{"period":"2017-01-06","ratio":0.00003},{"period":"2017-01-10","ratio":0.00011},{"period":"2017-01-11","ratio":0.00007},{"period":"2017-01-16","ratio":0.00015},{"period":"2017-01-17","ratio":0.00003},{"period":"2017-01-18","ratio":0.00015},{"period":"2017-01-19","ratio":0.00023},{"period":"2017-01-20","ratio":0.00011},{"period":"2017-01-23","ratio":0.00011},{"period":"2017-01-26","ratio":0.00019},{"period":"2017-01-31","ratio":0.00019},{"period":"2017-02-03","ratio":0.00007},{"period":"2017-02-04","ratio":0.00023},{"period":"2017-02-05","ratio":0.00003},{"period":"2017-02-06","ratio":0.00015},{"period":"2017-02-08","ratio":0.00007},{"period":"2017-02-09","ratio":0.00007},{"period":"2017-02-12","ratio":0.00015},{"period":"2017-02-13","ratio":0.00015},{"period":"2017-02-14","ratio":0.00015},{"period":"2017-02-15","ratio":0.00031},{"period":"2017-02-16","ratio":0.00003},{"period":"2017-02-21","ratio":0.00007},{"period":"2017-02-22","ratio":0.00007},{"period":"2017-02-23","ratio":0.00019},{"period":"2017-02-24","ratio":0.00019},{"period":"2017-02-27","ratio":0.00027},{"period":"2017-03-02","ratio":0.00007},{"period":"2017-03-03","ratio":0.00019},{"period":"2017-03-06","ratio":0.00011},{"period":"2017-03-07","ratio":0.00011},{"period":"2017-03-08","ratio":0.00003},{"period":"2017-03-09","ratio":0.00011},{"period":"2017-03-12","ratio":0.00003},{"period":"2017-03-14","ratio":0.00003},{"period":"2017-03-15","ratio":0.00011},{"period":"2017-03-20","ratio":0.00019},{"period":"2017-03-21","ratio":0.00007},{"period":"2017-03-22","ratio":0.00003},{"period":"2017-03-23","ratio":0.00007},{"period":"2017-03-25","ratio":0.00011},{"period":"2017-03-26","ratio":0.00015},{"period":"2017-03-27","ratio":0.00015},{"period":"2017-03-28","ratio":0.00015},{"period":"2017-03-29","ratio":0.00007},{"period":"2017-03-30","ratio":0.00015},{"period":"2017-03-31","ratio":0.00011},{"period":"2017-04-03","ratio":0.00023},{"period":"2017-04-04","ratio":0.00015},{"period":"2017-04-05","ratio":0.00007},{"period":"2017-04-07","ratio":0.00011},{"period":"2017-04-08","ratio":0.00011},{"period":"2017-04-10","ratio":0.00011},{"period":"2017-04-11","ratio":0.00031},{"period":"2017-04-12","ratio":0.00019},{"period":"2017-04-13","ratio":0.00011},{"period":"2017-04-14","ratio":0.00011},{"period":"2017-04-18","ratio":0.00015},{"period":"2017-04-20","ratio":0.00015},{"period":"2017-04-21","ratio":0.00023},{"period":"2017-04-25","ratio":0.00031},{"period":"2017-04-26","ratio":0.00011},{"period":"2017-04-27","ratio":0.00011},{"period":"2017-04-28","ratio":0.00035},{"period":"2017-05-08","ratio":0.00019},{"period":"2017-05-10","ratio":0.00011},{"period":"2017-05-12","ratio":0.00007},{"period":"2017-05-13","ratio":0.00011},{"period":"2017-05-15","ratio":0.00015},{"period":"2017-05-16","ratio":0.00015},{"period":"2017-05-17","ratio":0.00003},{"period":"2017-05-18","ratio":0.00003},{"period":"2017-05-19","ratio":0.00027},{"period":"2017-05-23","ratio":0.00007},{"period":"2017-05-25","ratio":0.00007},{"period":"2017-05-27","ratio":0.00003},{"period":"2017-05-29","ratio":0.00019},{"period":"2017-06-01","ratio":0.00015},{"period":"2017-06-02","ratio":0.00011},{"period":"2017-06-05","ratio":0.00003},{"period":"2017-06-07","ratio":0.00007},{"period":"2017-06-08","ratio":0.00019},{"period":"2017-06-13","ratio":0.00007},{"period":"2017-06-19","ratio":0.00011},{"period":"2017-06-25","ratio":0.00007},{"period":"2017-06-26","ratio":0.00003},{"period":"2017-06-27","ratio":0.00007},{"period":"2017-06-28","ratio":0.00027},{"period":"2017-06-29","ratio":0.00011},{"period":"2017-06-30","ratio":0.00003},{"period":"2017-07-02","ratio":0.00027},{"period":"2017-07-03","ratio":0.00011},{"period":"2017-07-04","ratio":0.00007},{"period":"2017-07-05","ratio":0.00007},{"period":"2017-07-10","ratio":0.00007},{"period":"2017-07-11","ratio":0.00011},{"period":"2017-07-13","ratio":0.00007},{"period":"2017-07-14","ratio":0.00011},{"period":"2017-07-17","ratio":0.00015},{"period":"2017-07-18","ratio":0.00019},{"period":"2017-07-19","ratio":0.00011},{"period":"2017-07-20","ratio":0.00027},{"period":"2017-07-21","ratio":0.00015},{"period":"2017-07-27","ratio":0.00007},{"period":"2017-08-06","ratio":0.00015},{"period":"2017-08-07","ratio":0.00031},{"period":"2017-08-08","ratio":0.00007},{"period":"2017-08-09","ratio":0.00007},{"period":"2017-08-11","ratio":0.00027},{"period":"2017-08-21","ratio":0.00027},{"period":"2017-08-22","ratio":0.00003},{"period":"2017-08-23","ratio":0.00007},{"period":"2017-08-25","ratio":0.00011},{"period":"2017-08-28","ratio":0.00011},{"period":"2017-08-31","ratio":0.00015},{"period":"2017-09-04","ratio":0.00003},{"period":"2017-09-06","ratio":0.00019},{"period":"2017-09-07","ratio":0.00023},{"period":"2017-09-08","ratio":0.00023},{"period":"2017-09-11","ratio":0.00015},{"period":"2017-09-12","ratio":0.00007},{"period":"2017-09-13","ratio":0.00007},{"period":"2017-09-14","ratio":0.00015},{"period":"2017-09-15","ratio":0.00011},{"period":"2017-09-17","ratio":0.00011},{"period":"2017-09-18","ratio":0.00011},{"period":"2017-09-19","ratio":0.00011},{"period":"2017-09-20","ratio":0.00007},{"period":"2017-09-21","ratio":0.00007},{"period":"2017-09-25","ratio":0.00007},{"period":"2017-09-26","ratio":0.00011},{"period":"2017-09-27","ratio":0.00015},{"period":"2017-09-28","ratio":0.00007},{"period":"2017-10-09","ratio":0.00003},{"period":"2017-10-10","ratio":0.00007},{"period":"2017-10-11","ratio":0.00007},{"period":"2017-10-12","ratio":0.00019},{"period":"2017-10-13","ratio":0.00015},{"period":"2017-10-14","ratio":0.00003},{"period":"2017-10-15","ratio":0.00007},{"period":"2017-10-16","ratio":0.00007},{"period":"2017-10-17","ratio":0.00015},{"period":"2017-10-18","ratio":0.00019},{"period":"2017-10-19","ratio":0.00015},{"period":"2017-10-20","ratio":0.00003},{"period":"2017-10-23","ratio":0.00007},{"period":"2017-10-24","ratio":0.00007},{"period":"2017-10-25","ratio":0.00003},{"period":"2017-10-26","ratio":0.00007},{"period":"2017-10-27","ratio":0.00003},{"period":"2017-10-29","ratio":0.00003},{"period":"2017-10-30","ratio":0.00011},{"period":"2017-10-31","ratio":0.00011},{"period":"2017-11-01","ratio":0.00027},{"period":"2017-11-02","ratio":0.00011},{"period":"2017-11-04","ratio":0.00007},{"period":"2017-11-06","ratio":0.00007},{"period":"2017-11-07","ratio":0.00015},{"period":"2017-11-08","ratio":0.00019},{"period":"2017-11-09","ratio":0.00015},{"period":"2017-11-10","ratio":0.00027},{"period":"2017-11-13","ratio":0.00003},{"period":"2017-11-17","ratio":0.00007},{"period":"2017-11-18","ratio":0.00007},{"period":"2017-11-21","ratio":0.00003},{"period":"2017-11-22","ratio":0.00015},{"period":"2017-11-23","ratio":0.00011},{"period":"2017-11-24","ratio":0.00003},{"period":"2017-11-28","ratio":0.00031},{"period":"2017-11-30","ratio":0.00003},{"period":"2017-12-06","ratio":0.00003},{"period":"2017-12-12","ratio":0.00007},{"period":"2017-12-13","ratio":0.00015},{"period":"2017-12-15","ratio":0.00023},{"period":"2017-12-28","ratio":0.00003},{"period":"2018-01-04","ratio":0.00015},{"period":"2018-01-05","ratio":0.00019},{"period":"2018-01-08","ratio":0.00019},{"period":"2018-01-12","ratio":0.00007},{"period":"2018-01-18","ratio":0.00003},{"period":"2018-01-19","ratio":0.00007},{"period":"2018-01-24","ratio":0.00007},{"period":"2018-01-26","ratio":0.00019},{"period":"2018-01-29","ratio":0.00011},{"period":"2018-01-31","ratio":0.00027},{"period":"2018-02-01","ratio":0.00015},{"period":"2018-02-02","ratio":0.00023},{"period":"2018-02-03","ratio":0.00015},{"period":"2018-02-04","ratio":0.00027},{"period":"2018-02-05","ratio":0.00019},{"period":"2018-02-07","ratio":0.00027},{"period":"2018-02-19","ratio":0.00003},{"period":"2018-02-22","ratio":0.00011},{"period":"2018-03-01","ratio":0.00011},{"period":"2018-03-02","ratio":0.00011},{"period":"2018-03-03","ratio":0.00003},{"period":"2018-03-05","ratio":0.00031},{"period":"2018-03-06","ratio":0.00035},{"period":"2018-03-07","ratio":0.00031},{"period":"2018-03-08","ratio":0.00007},{"period":"2018-03-09","ratio":0.00015},{"period":"2018-03-12","ratio":0.00027},{"period":"2018-03-13","ratio":0.00015},{"period":"2018-03-15","ratio":0.00011},{"period":"2018-03-16","ratio":0.00011},{"period":"2018-03-19","ratio":0.00011},{"period":"2018-03-20","ratio":0.00011},{"period":"2018-03-22","ratio":0.00019},{"period":"2018-03-23","ratio":0.00003},{"period":"2018-03-29","ratio":0.00007},{"period":"2018-04-02","ratio":0.00023},{"period":"2018-04-04","ratio":0.00007},{"period":"2018-04-06","ratio":0.00003},{"period":"2018-04-09","ratio":0.00007},{"period":"2018-04-10","ratio":0.00011},{"period":"2018-04-12","ratio":0.00023},{"period":"2018-04-13","ratio":0.00011},{"period":"2018-04-17","ratio":0.00007},{"period":"2018-04-19","ratio":0.00023},{"period":"2018-04-20","ratio":0.00003},{"period":"2018-04-23","ratio":0.00007},{"period":"2018-04-24","ratio":0.00003},{"period":"2018-04-25","ratio":0.00011},{"period":"2018-04-26","ratio":0.00015},{"period":"2018-04-27","ratio":0.00039},{"period":"2018-04-28","ratio":0.00003},{"period":"2018-04-30","ratio":0.00011},{"period":"2018-05-02","ratio":0.00019},{"period":"2018-05-03","ratio":0.00003},{"period":"2018-05-07","ratio":0.00011},{"period":"2018-05-08","ratio":0.00015},{"period":"2018-05-09","ratio":0.00011},{"period":"2018-05-10","ratio":0.00023},{"period":"2018-05-11","ratio":0.00027},{"period":"2018-05-13","ratio":0.00015},{"period":"2018-05-14","ratio":0.00043},{"period":"2018-05-15","ratio":0.00027},{"period":"2018-05-16","ratio":0.00007},{"period":"2018-05-17","ratio":0.00011},{"period":"2018-05-18","ratio":0.00011},{"period":"2018-05-23","ratio":0.00007},{"period":"2018-05-28","ratio":0.00011},{"period":"2018-05-29","ratio":0.00011},{"period":"2018-05-31","ratio":0.00019},{"period":"2018-06-03","ratio":0.00003},{"period":"2018-06-04","ratio":0.00007},{"period":"2018-06-12","ratio":0.00015},{"period":"2018-06-15","ratio":0.00015},{"period":"2018-06-16","ratio":0.00007},{"period":"2018-06-18","ratio":0.00007},{"period":"2018-06-19","ratio":0.00003},{"period":"2018-06-25","ratio":0.00015},{"period":"2018-06-26","ratio":0.00003},{"period":"2018-06-27","ratio":0.00007},{"period":"2018-07-05","ratio":0.00007},{"period":"2018-07-10","ratio":0.00003},{"period":"2018-07-12","ratio":0.00011},{"period":"2018-07-13","ratio":0.00003},{"period":"2018-07-15","ratio":0.00011},{"period":"2018-07-16","ratio":0.00011},{"period":"2018-07-17","ratio":0.00011},{"period":"2018-07-19","ratio":0.00011},{"period":"2018-07-22","ratio":0.00023},{"period":"2018-07-26","ratio":0.00003},{"period":"2018-08-09","ratio":0.00003},{"period":"2018-08-14","ratio":0.00007},{"period":"2018-08-16","ratio":0.00015},{"period":"2018-08-20","ratio":0.00003},{"period":"2018-08-21","ratio":0.00003},{"period":"2018-08-22","ratio":0.00007},{"period":"2018-08-23","ratio":0.00003},{"period":"2018-08-24","ratio":0.00007},{"period":"2018-08-25","ratio":0.00003},{"period":"2018-08-26","ratio":0.00027},{"period":"2018-08-27","ratio":0.00011},{"period":"2018-08-28","ratio":0.00007},{"period":"2018-08-29","ratio":0.00023},{"period":"2018-08-30","ratio":0.00027},{"period":"2018-08-31","ratio":0.00007},{"period":"2018-09-02","ratio":0.00003},{"period":"2018-09-03","ratio":0.00011},{"period":"2018-09-04","ratio":0.00019},{"period":"2018-09-05","ratio":0.00007},{"period":"2018-09-06","ratio":0.00051},{"period":"2018-09-07","ratio":0.00003},{"period":"2018-09-10","ratio":0.00011},{"period":"2018-09-12","ratio":0.00011},{"period":"2018-09-16","ratio":0.00003},{"period":"2018-09-27","ratio":0.00007},{"period":"2018-09-28","ratio":0.00011},{"period":"2018-09-29","ratio":0.00007},{"period":"2018-09-30","ratio":0.00007},{"period":"2018-10-01","ratio":0.00007},{"period":"2018-10-02","ratio":0.00011},{"period":"2018-10-03","ratio":0.00007},{"period":"2018-10-04","ratio":0.00023},{"period":"2018-10-07","ratio":0.00023},{"period":"2018-10-08","ratio":0.00019},{"period":"2018-10-09","ratio":0.00003},{"period":"2018-10-10","ratio":0.00003},{"period":"2018-10-11","ratio":0.00003},{"period":"2018-10-14","ratio":0.00003},{"period":"2018-10-15","ratio":0.00007},{"period":"2018-10-17","ratio":0.00011},{"period":"2018-10-18","ratio":0.00003},{"period":"2018-10-19","ratio":0.00011},{"period":"2018-10-22","ratio":0.00003},{"period":"2018-10-25","ratio":0.00019},{"period":"2018-10-26","ratio":0.00007},{"period":"2018-10-28","ratio":0.00011},{"period":"2018-10-29","ratio":0.00003},{"period":"2018-10-30","ratio":0.00023},{"period":"2018-11-01","ratio":0.00007},{"period":"2018-11-05","ratio":0.00003},{"period":"2018-11-06","ratio":0.00023},{"period":"2018-11-07","ratio":0.00011},{"period":"2018-11-08","ratio":0.00007},{"period":"2018-11-09","ratio":0.00003},{"period":"2018-11-12","ratio":0.00003},{"period":"2018-11-13","ratio":0.00003},{"period":"2018-11-14","ratio":0.00007},{"period":"2018-11-15","ratio":0.00003},{"period":"2018-11-16","ratio":0.00007},{"period":"2018-11-20","ratio":0.00007},{"period":"2018-11-21","ratio":0.00023},{"period":"2018-11-23","ratio":0.00003},{"period":"2018-11-26","ratio":0.00007},{"period":"2018-11-27","ratio":0.00011},{"period":"2018-11-28","ratio":0.00011},{"period":"2018-11-29","ratio":0.00003},{"period":"2018-12-03","ratio":0.00007},{"period":"2018-12-12","ratio":0.00011},{"period":"2018-12-13","ratio":0.00007},{"period":"2018-12-20","ratio":0.00003},{"period":"2018-12-26","ratio":0.00003},{"period":"2018-12-31","ratio":0.00011},{"period":"2019-01-07","ratio":0.00015},{"period":"2019-01-08","ratio":0.00027},{"period":"2019-01-09","ratio":0.00027},{"period":"2019-01-18","ratio":0.00003},{"period":"2019-01-21","ratio":0.00015},{"period":"2019-01-23","ratio":0.00007},{"period":"2019-01-25","ratio":0.00027},{"period":"2019-02-01","ratio":0.00011},{"period":"2019-02-13","ratio":0.00007},{"period":"2019-02-15","ratio":0.00007},{"period":"2019-02-18","ratio":0.00007},{"period":"2019-02-20","ratio":0.00015},{"period":"2019-02-28","ratio":0.00003},{"period":"2019-03-01","ratio":0.00007},{"period":"2019-03-04","ratio":0.00011},{"period":"2019-03-06","ratio":0.00003},{"period":"2019-03-11","ratio":0.00011},{"period":"2019-03-12","ratio":0.00007},{"period":"2019-03-18","ratio":0.00023},{"period":"2019-03-19","ratio":0.00015},{"period":"2019-03-20","ratio":0.00003},{"period":"2019-03-21","ratio":0.00023},{"period":"2019-03-25","ratio":0.00023},{"period":"2019-03-28","ratio":0.00003},{"period":"2019-04-01","ratio":0.00011},{"period":"2019-04-03","ratio":0.00023},{"period":"2019-04-06","ratio":0.00011},{"period":"2019-04-08","ratio":0.00003},{"period":"2019-04-09","ratio":0.00019},{"period":"2019-04-10","ratio":0.00007},{"period":"2019-04-11","ratio":0.00027},{"period":"2019-04-12","ratio":0.00015},{"period":"2019-04-15","ratio":0.00007},{"period":"2019-04-16","ratio":0.00011},{"period":"2019-04-17","ratio":0.00023},{"period":"2019-04-18","ratio":0.00011},{"period":"2019-04-19","ratio":0.00003},{"period":"2019-04-22","ratio":0.00011},{"period":"2019-04-24","ratio":0.00015},{"period":"2019-04-30","ratio":0.00019},{"period":"2019-05-01","ratio":0.00015},{"period":"2019-05-02","ratio":0.00007},{"period":"2019-05-03","ratio":0.00007},{"period":"2019-05-04","ratio":0.00007},{"period":"2019-05-05","ratio":0.00011},{"period":"2019-05-06","ratio":0.00027},{"period":"2019-05-07","ratio":0.00023},{"period":"2019-05-08","ratio":0.00007},{"period":"2019-05-10","ratio":0.00015},{"period":"2019-05-11","ratio":0.00019},{"period":"2019-05-15","ratio":0.00003},{"period":"2019-05-19","ratio":0.00007},{"period":"2019-05-20","ratio":0.00003},{"period":"2019-05-21","ratio":0.00003},{"period":"2019-05-23","ratio":0.00019},{"period":"2019-05-31","ratio":0.00003},{"period":"2019-06-03","ratio":0.00011},{"period":"2019-06-04","ratio":0.00007},{"period":"2019-06-05","ratio":0.00011},{"period":"2019-06-09","ratio":0.00011},{"period":"2019-06-21","ratio":0.00019},{"period":"2019-07-09","ratio":0.00011},{"period":"2019-07-10","ratio":0.00003},{"period":"2019-07-11","ratio":0.00019},{"period":"2019-07-12","ratio":0.00003},{"period":"2019-07-14","ratio":0.00023},{"period":"2019-07-15","ratio":0.00031},{"period":"2019-07-16","ratio":0.00003},{"period":"2019-07-17","ratio":0.00011},{"period":"2019-07-22","ratio":0.00011},{"period":"2019-07-26","ratio":0.00007},{"period":"2019-07-29","ratio":0.00007},{"period":"2019-07-30","ratio":0.00019},{"period":"2019-08-02","ratio":0.00015},{"period":"2019-08-05","ratio":0.00003},{"period":"2019-08-06","ratio":0.00019},{"period":"2019-08-07","ratio":0.00003},{"period":"2019-08-08","ratio":0.00003},{"period":"2019-08-09","ratio":0.00007},{"period":"2019-08-13","ratio":0.00007},{"period":"2019-08-14","ratio":0.00007},{"period":"2019-08-19","ratio":0.00011},{"period":"2019-08-21","ratio":0.00015},{"period":"2019-08-22","ratio":0.00015},{"period":"2019-08-27","ratio":0.00007},{"period":"2019-08-28","ratio":0.00011},{"period":"2019-08-29","ratio":0.00011},{"period":"2019-09-02","ratio":0.00015},{"period":"2019-09-06","ratio":0.00003},{"period":"2019-09-07","ratio":0.00011},{"period":"2019-09-08","ratio":0.00011},{"period":"2019-09-09","ratio":0.00003},{"period":"2019-09-10","ratio":0.00007},{"period":"2019-09-16","ratio":0.00003},{"period":"2019-09-17","ratio":0.00003},{"period":"2019-09-18","ratio":0.00003},{"period":"2019-09-20","ratio":0.00007},{"period":"2019-09-21","ratio":0.00023},{"period":"2019-09-23","ratio":0.00003},{"period":"2019-09-24","ratio":0.00015},{"period":"2019-09-25","ratio":0.00007},{"period":"2019-09-28","ratio":0.00011},{"period":"2019-10-01","ratio":0.00003},{"period":"2019-10-04","ratio":0.00003},{"period":"2019-10-07","ratio":0.00023},{"period":"2019-10-08","ratio":0.00007},{"period":"2019-10-10","ratio":0.00007},{"period":"2019-10-11","ratio":0.00015},{"period":"2019-10-12","ratio":0.00015},{"period":"2019-10-13","ratio":0.00011},{"period":"2019-10-14","ratio":0.00019},{"period":"2019-10-16","ratio":0.00015},{"period":"2019-10-17","ratio":0.00007},{"period":"2019-10-19","ratio":0.00003},{"period":"2019-10-20","ratio":0.00003},{"period":"2019-10-21","ratio":0.00007},{"period":"2019-10-22","ratio":0.00011},{"period":"2019-10-26","ratio":0.00007},{"period":"2019-10-29","ratio":0.00031},{"period":"2019-10-31","ratio":0.00011},{"period":"2019-11-01","ratio":0.00019},{"period":"2019-11-04","ratio":0.00011},{"period":"2019-11-11","ratio":0.00003},{"period":"2019-11-13","ratio":0.00007},{"period":"2019-11-14","ratio":0.00011},{"period":"2019-11-27","ratio":0.00011},{"period":"2019-11-28","ratio":0.00007},{"period":"2019-11-29","ratio":0.00003},{"period":"2019-12-11","ratio":0.00019},{"period":"2019-12-19","ratio":0.00019},{"period":"2019-12-24","ratio":0.00011},{"period":"2019-12-27","ratio":0.00015},{"period":"2020-01-03","ratio":0.00007},{"period":"2020-02-01","ratio":0.00011},{"period":"2020-02-05","ratio":0.00003},{"period":"2020-02-06","ratio":0.00011},{"period":"2020-02-10","ratio":0.00007},{"period":"2020-02-13","ratio":0.00027},{"period":"2020-02-17","ratio":0.00011},{"period":"2020-03-02","ratio":0.00015},{"period":"2020-03-04","ratio":0.00023},{"period":"2020-03-09","ratio":0.00007},{"period":"2020-03-14","ratio":0.00011},{"period":"2020-03-17","ratio":0.00003},{"period":"2020-03-18","ratio":0.00003},{"period":"2020-03-19","ratio":0.00015},{"period":"2020-03-21","ratio":0.00019},{"period":"2020-03-23","ratio":0.00011},{"period":"2020-03-25","ratio":0.00007},{"period":"2020-03-26","ratio":0.00015},{"period":"2020-03-27","ratio":0.00003},{"period":"2020-03-30","ratio":0.00027},{"period":"2020-03-31","ratio":0.00019},{"period":"2020-04-01","ratio":0.00007}]},{"title":"코로나","keywords":["코로나"],"data":[{"period":"2016-01-01","ratio":0.00575},{"period":"2016-01-02","ratio":0.00583},{"period":"2016-01-03","ratio":0.00433},{"period":"2016-01-04","ratio":0.00571},{"period":"2016-01-05","ratio":0.00583},{"period":"2016-01-06","ratio":0.00548},{"period":"2016-01-07","ratio":0.00587},{"period":"2016-01-08","ratio":0.00674},{"period":"2016-01-09","ratio":0.00619},{"period":"2016-01-10","ratio":0.00429},{"period":"2016-01-11","ratio":0.00654},{"period":"2016-01-12","ratio":0.00611},{"period":"2016-01-13","ratio":0.00689},{"period":"2016-01-14","ratio":0.00784},{"period":"2016-01-15","ratio":0.00682},{"period":"2016-01-16","ratio":0.00571},{"period":"2016-01-17","ratio":0.00615},{"period":"2016-01-18","ratio":0.00583},{"period":"2016-01-19","ratio":0.00721},{"period":"2016-01-20","ratio":0.00638},{"period":"2016-01-21","ratio":0.00599},{"period":"2016-01-22","ratio":0.00729},{"period":"2016-01-23","ratio":0.00591},{"period":"2016-01-24","ratio":0.00551},{"period":"2016-01-25","ratio":0.00591},{"period":"2016-01-26","ratio":0.00662},{"period":"2016-01-27","ratio":0.00686},{"period":"2016-01-28","ratio":0.00662},{"period":"2016-01-29","ratio":0.00575},{"period":"2016-01-30","ratio":0.0052},{"period":"2016-01-31","ratio":0.00544},{"period":"2016-02-01","ratio":0.00654},{"period":"2016-02-02","ratio":0.00607},{"period":"2016-02-03","ratio":0.00619},{"period":"2016-02-04","ratio":0.00579},{"period":"2016-02-05","ratio":0.00634},{"period":"2016-02-06","ratio":0.00488},{"period":"2016-02-07","ratio":0.00512},{"period":"2016-02-08","ratio":0.00477},{"period":"2016-02-09","ratio":0.0054},{"period":"2016-02-10","ratio":0.00622},{"period":"2016-02-11","ratio":0.00563},{"period":"2016-02-12","ratio":0.00725},{"period":"2016-02-13","ratio":0.00733},{"period":"2016-02-14","ratio":0.00595},{"period":"2016-02-15","ratio":0.00701},{"period":"2016-02-16","ratio":0.00587},{"period":"2016-02-17","ratio":0.00587},{"period":"2016-02-18","ratio":0.00615},{"period":"2016-02-19","ratio":0.00756},{"period":"2016-02-20","ratio":0.00548},{"period":"2016-02-21","ratio":0.00563},{"period":"2016-02-22","ratio":0.00745},{"period":"2016-02-23","ratio":0.00697},{"period":"2016-02-24","ratio":0.00709},{"period":"2016-02-25","ratio":0.00611},{"period":"2016-02-26","ratio":0.00693},{"period":"2016-02-27","ratio":0.00591},{"period":"2016-02-28","ratio":0.00532},{"period":"2016-02-29","ratio":0.00666},{"period":"2016-03-01","ratio":0.00622},{"period":"2016-03-02","ratio":0.00733},{"period":"2016-03-03","ratio":0.00579},{"period":"2016-03-04","ratio":0.00859},{"period":"2016-03-05","ratio":0.00764},{"period":"2016-03-06","ratio":0.00678},{"period":"2016-03-07","ratio":0.00662},{"period":"2016-03-08","ratio":0.00705},{"period":"2016-03-09","ratio":0.00796},{"period":"2016-03-10","ratio":0.00607},{"period":"2016-03-11","ratio":0.00709},{"period":"2016-03-12","ratio":0.00725},{"period":"2016-03-13","ratio":0.00662},{"period":"2016-03-14","ratio":0.00626},{"period":"2016-03-15","ratio":0.00697},{"period":"2016-03-16","ratio":0.00749},{"period":"2016-03-17","ratio":0.0082},{"period":"2016-03-18","ratio":0.00965},{"period":"2016-03-19","ratio":0.00729},{"period":"2016-03-20","ratio":0.00548},{"period":"2016-03-21","ratio":0.00776},{"period":"2016-03-22","ratio":0.00784},{"period":"2016-03-23","ratio":0.00729},{"period":"2016-03-24","ratio":0.00682},{"period":"2016-03-25","ratio":0.00595},{"period":"2016-03-26","ratio":0.00693},{"period":"2016-03-27","ratio":0.00567},{"period":"2016-03-28","ratio":0.00753},{"period":"2016-03-29","ratio":0.00894},{"period":"2016-03-30","ratio":0.00713},{"period":"2016-03-31","ratio":0.00756},{"period":"2016-04-01","ratio":0.0067},{"period":"2016-04-02","ratio":0.00725},{"period":"2016-04-03","ratio":0.00741},{"period":"2016-04-04","ratio":0.008},{"period":"2016-04-05","ratio":0.00756},{"period":"2016-04-06","ratio":0.00717},{"period":"2016-04-07","ratio":0.00686},{"period":"2016-04-08","ratio":0.00709},{"period":"2016-04-09","ratio":0.00599},{"period":"2016-04-10","ratio":0.0054},{"period":"2016-04-11","ratio":0.00583},{"period":"2016-04-12","ratio":0.00756},{"period":"2016-04-13","ratio":0.00768},{"period":"2016-04-14","ratio":0.00729},{"period":"2016-04-15","ratio":0.00756},{"period":"2016-04-16","ratio":0.00662},{"period":"2016-04-17","ratio":0.0063},{"period":"2016-04-18","ratio":0.0078},{"period":"2016-04-19","ratio":0.00674},{"period":"2016-04-20","ratio":0.00733},{"period":"2016-04-21","ratio":0.00709},{"period":"2016-04-22","ratio":0.00693},{"period":"2016-04-23","ratio":0.00619},{"period":"2016-04-24","ratio":0.00674},{"period":"2016-04-25","ratio":0.00764},{"period":"2016-04-26","ratio":0.00729},{"period":"2016-04-27","ratio":0.00745},{"period":"2016-04-28","ratio":0.0067},{"period":"2016-04-29","ratio":0.00642},{"period":"2016-04-30","ratio":0.00634},{"period":"2016-05-01","ratio":0.00615},{"period":"2016-05-02","ratio":0.00678},{"period":"2016-05-03","ratio":0.00756},{"period":"2016-05-04","ratio":0.00701},{"period":"2016-05-05","ratio":0.00638},{"period":"2016-05-06","ratio":0.00638},{"period":"2016-05-07","ratio":0.0063},{"period":"2016-05-08","ratio":0.00548},{"period":"2016-05-09","ratio":0.0067},{"period":"2016-05-10","ratio":0.0076},{"period":"2016-05-11","ratio":0.00756},{"period":"2016-05-12","ratio":0.00721},{"period":"2016-05-13","ratio":0.00697},{"period":"2016-05-14","ratio":0.00611},{"period":"2016-05-15","ratio":0.00548},{"period":"2016-05-16","ratio":0.00682},{"period":"2016-05-17","ratio":0.00753},{"period":"2016-05-18","ratio":0.00753},{"period":"2016-05-19","ratio":0.00709},{"period":"2016-05-20","ratio":0.00705},{"period":"2016-05-21","ratio":0.00595},{"period":"2016-05-22","ratio":0.00709},{"period":"2016-05-23","ratio":0.00788},{"period":"2016-05-24","ratio":0.00756},{"period":"2016-05-25","ratio":0.01025},{"period":"2016-05-26","ratio":0.00831},{"period":"2016-05-27","ratio":0.00741},{"period":"2016-05-28","ratio":0.00686},{"period":"2016-05-29","ratio":0.00583},{"period":"2016-05-30","ratio":0.00729},{"period":"2016-05-31","ratio":0.00658},{"period":"2016-06-01","ratio":0.00839},{"period":"2016-06-02","ratio":0.00792},{"period":"2016-06-03","ratio":0.00741},{"period":"2016-06-04","ratio":0.00721},{"period":"2016-06-05","ratio":0.00859},{"period":"2016-06-06","ratio":0.00835},{"period":"2016-06-07","ratio":0.00713},{"period":"2016-06-08","ratio":0.0082},{"period":"2016-06-09","ratio":0.00981},{"period":"2016-06-10","ratio":0.00942},{"period":"2016-06-11","ratio":0.00729},{"period":"2016-06-12","ratio":0.00894},{"period":"2016-06-13","ratio":0.0095},{"period":"2016-06-14","ratio":0.11354},{"period":"2016-06-15","ratio":0.01651},{"period":"2016-06-16","ratio":0.0108},{"period":"2016-06-17","ratio":0.00973},{"period":"2016-06-18","ratio":0.01001},{"period":"2016-06-19","ratio":0.03142},{"period":"2016-06-20","ratio":0.00863},{"period":"2016-06-21","ratio":0.01064},{"period":"2016-06-22","ratio":0.00934},{"period":"2016-06-23","ratio":0.00926},{"period":"2016-06-24","ratio":0.00875},{"period":"2016-06-25","ratio":0.00914},{"period":"2016-06-26","ratio":0.02397},{"period":"2016-06-27","ratio":0.01135},{"period":"2016-06-28","ratio":0.00965},{"period":"2016-06-29","ratio":0.00973},{"period":"2016-06-30","ratio":0.00985},{"period":"2016-07-01","ratio":0.00784},{"period":"2016-07-02","ratio":0.0082},{"period":"2016-07-03","ratio":0.00721},{"period":"2016-07-04","ratio":0.00965},{"period":"2016-07-05","ratio":0.00831},{"period":"2016-07-06","ratio":0.00737},{"period":"2016-07-07","ratio":0.00879},{"period":"2016-07-08","ratio":0.00875},{"period":"2016-07-09","ratio":0.00816},{"period":"2016-07-10","ratio":0.00619},{"period":"2016-07-11","ratio":0.00772},{"period":"2016-07-12","ratio":0.00827},{"period":"2016-07-13","ratio":0.00847},{"period":"2016-07-14","ratio":0.00965},{"period":"2016-07-15","ratio":0.00831},{"period":"2016-07-16","ratio":0.00725},{"period":"2016-07-17","ratio":0.00705},{"period":"2016-07-18","ratio":0.00697},{"period":"2016-07-19","ratio":0.0091},{"period":"2016-07-20","ratio":0.00784},{"period":"2016-07-21","ratio":0.0082},{"period":"2016-07-22","ratio":0.00788},{"period":"2016-07-23","ratio":0.00768},{"period":"2016-07-24","ratio":0.00548},{"period":"2016-07-25","ratio":0.00764},{"period":"2016-07-26","ratio":0.00902},{"period":"2016-07-27","ratio":0.00705},{"period":"2016-07-28","ratio":0.0063},{"period":"2016-07-29","ratio":0.0067},{"period":"2016-07-30","ratio":0.00756},{"period":"2016-07-31","ratio":0.00567},{"period":"2016-08-01","ratio":0.00816},{"period":"2016-08-02","ratio":0.00772},{"period":"2016-08-03","ratio":0.00847},{"period":"2016-08-04","ratio":0.00839},{"period":"2016-08-05","ratio":0.00812},{"period":"2016-08-06","ratio":0.00701},{"period":"2016-08-07","ratio":0.00646},{"period":"2016-08-08","ratio":0.00697},{"period":"2016-08-09","ratio":0.00642},{"period":"2016-08-10","ratio":0.008},{"period":"2016-08-11","ratio":0.0076},{"period":"2016-08-12","ratio":0.00894},{"period":"2016-08-13","ratio":0.00729},{"period":"2016-08-14","ratio":0.0065},{"period":"2016-08-15","ratio":0.00705},{"period":"2016-08-16","ratio":0.00626},{"period":"2016-08-17","ratio":0.00678},{"period":"2016-08-18","ratio":0.00808},{"period":"2016-08-19","ratio":0.00697},{"period":"2016-08-20","ratio":0.00717},{"period":"2016-08-21","ratio":0.00689},{"period":"2016-08-22","ratio":0.00666},{"period":"2016-08-23","ratio":0.00808},{"period":"2016-08-24","ratio":0.00859},{"period":"2016-08-25","ratio":0.00733},{"period":"2016-08-26","ratio":0.00883},{"period":"2016-08-27","ratio":0.00772},{"period":"2016-08-28","ratio":0.69016},{"period":"2016-08-29","ratio":0.01178},{"period":"2016-08-30","ratio":0.00835},{"period":"2016-08-31","ratio":0.00666},{"period":"2016-09-01","ratio":0.00686},{"period":"2016-09-02","ratio":0.00725},{"period":"2016-09-03","ratio":0.0063},{"period":"2016-09-04","ratio":0.00753},{"period":"2016-09-05","ratio":0.00737},{"period":"2016-09-06","ratio":0.00678},{"period":"2016-09-07","ratio":0.00808},{"period":"2016-09-08","ratio":0.00713},{"period":"2016-09-09","ratio":0.00693},{"period":"2016-09-10","ratio":0.00812},{"period":"2016-09-11","ratio":0.00658},{"period":"2016-09-12","ratio":0.00682},{"period":"2016-09-13","ratio":0.00705},{"period":"2016-09-14","ratio":0.00603},{"period":"2016-09-15","ratio":0.00532},{"period":"2016-09-16","ratio":0.00548},{"period":"2016-09-17","ratio":0.00654},{"period":"2016-09-18","ratio":0.00737},{"period":"2016-09-19","ratio":0.00729},{"period":"2016-09-20","ratio":0.00749},{"period":"2016-09-21","ratio":0.00796},{"period":"2016-09-22","ratio":0.43251},{"period":"2016-09-23","ratio":0.214},{"period":"2016-09-24","ratio":0.11201},{"period":"2016-09-25","ratio":0.09576},{"period":"2016-09-26","ratio":0.04005},{"period":"2016-09-27","ratio":0.03516},{"period":"2016-09-28","ratio":0.02456},{"period":"2016-09-29","ratio":0.03859},{"period":"2016-09-30","ratio":0.01979},{"period":"2016-10-01","ratio":0.02811},{"period":"2016-10-02","ratio":0.02416},{"period":"2016-10-03","ratio":0.02203},{"period":"2016-10-04","ratio":0.0121},{"period":"2016-10-05","ratio":0.01178},{"period":"2016-10-06","ratio":0.01131},{"period":"2016-10-07","ratio":0.01277},{"period":"2016-10-08","ratio":0.01336},{"period":"2016-10-09","ratio":0.01088},{"period":"2016-10-10","ratio":0.00906},{"period":"2016-10-11","ratio":0.01273},{"period":"2016-10-12","ratio":0.01305},{"period":"2016-10-13","ratio":0.01131},{"period":"2016-10-14","ratio":0.01111},{"period":"2016-10-15","ratio":0.0108},{"period":"2016-10-16","ratio":0.0091},{"period":"2016-10-17","ratio":0.01025},{"period":"2016-10-18","ratio":0.00839},{"period":"2016-10-19","ratio":0.01308},{"period":"2016-10-20","ratio":0.02393},{"period":"2016-10-21","ratio":0.04183},{"period":"2016-10-22","ratio":0.02464},{"period":"2016-10-23","ratio":0.01888},{"period":"2016-10-24","ratio":0.01332},{"period":"2016-10-25","ratio":0.01545},{"period":"2016-10-26","ratio":0.01261},{"period":"2016-10-27","ratio":0.04289},{"period":"2016-10-28","ratio":0.05369},{"period":"2016-10-29","ratio":0.02929},{"period":"2016-10-30","ratio":0.02259},{"period":"2016-10-31","ratio":0.01482},{"period":"2016-11-01","ratio":0.01167},{"period":"2016-11-02","ratio":0.0123},{"period":"2016-11-03","ratio":0.03493},{"period":"2016-11-04","ratio":0.03769},{"period":"2016-11-05","ratio":0.02732},{"period":"2016-11-06","ratio":0.03106},{"period":"2016-11-07","ratio":0.0186},{"period":"2016-11-08","ratio":0.01107},{"period":"2016-11-09","ratio":0.01245},{"period":"2016-11-10","ratio":0.03666},{"period":"2016-11-11","ratio":0.04758},{"period":"2016-11-12","ratio":0.02803},{"period":"2016-11-13","ratio":0.02428},{"period":"2016-11-14","ratio":0.01853},{"period":"2016-11-15","ratio":0.01119},{"period":"2016-11-16","ratio":0.0117},{"period":"2016-11-17","ratio":0.04096},{"period":"2016-11-18","ratio":0.04411},{"period":"2016-11-19","ratio":0.02811},{"period":"2016-11-20","ratio":0.02148},{"period":"2016-11-21","ratio":0.01841},{"period":"2016-11-22","ratio":0.01549},{"period":"2016-11-23","ratio":0.01912},{"period":"2016-11-24","ratio":0.04778},{"period":"2016-11-25","ratio":0.66126},{"period":"2016-11-26","ratio":0.05969},{"period":"2016-11-27","ratio":0.02976},{"period":"2016-11-28","ratio":0.02097},{"period":"2016-11-29","ratio":0.01289},{"period":"2016-11-30","ratio":0.01379},{"period":"2016-12-01","ratio":0.01707},{"period":"2016-12-02","ratio":0.01312},{"period":"2016-12-03","ratio":0.01001},{"period":"2016-12-04","ratio":0.00851},{"period":"2016-12-05","ratio":0.00958},{"period":"2016-12-06","ratio":0.00875},{"period":"2016-12-07","ratio":0.00792},{"period":"2016-12-08","ratio":0.01123},{"period":"2016-12-09","ratio":0.01249},{"period":"2016-12-10","ratio":0.00796},{"period":"2016-12-11","ratio":0.00658},{"period":"2016-12-12","ratio":0.00756},{"period":"2016-12-13","ratio":0.00894},{"period":"2016-12-14","ratio":0.00717},{"period":"2016-12-15","ratio":0.0082},{"period":"2016-12-16","ratio":0.00891},{"period":"2016-12-17","ratio":0.00867},{"period":"2016-12-18","ratio":0.00851},{"period":"2016-12-19","ratio":0.00914},{"period":"2016-12-20","ratio":0.00824},{"period":"2016-12-21","ratio":0.00906},{"period":"2016-12-22","ratio":0.00756},{"period":"2016-12-23","ratio":0.00898},{"period":"2016-12-24","ratio":0.01328},{"period":"2016-12-25","ratio":0.01088},{"period":"2016-12-26","ratio":0.0095},{"period":"2016-12-27","ratio":0.00871},{"period":"2016-12-28","ratio":0.00741},{"period":"2016-12-29","ratio":0.00792},{"period":"2016-12-30","ratio":0.0082},{"period":"2016-12-31","ratio":0.008},{"period":"2017-01-01","ratio":0.00674},{"period":"2017-01-02","ratio":0.00776},{"period":"2017-01-03","ratio":0.00867},{"period":"2017-01-04","ratio":0.00934},{"period":"2017-01-05","ratio":0.00938},{"period":"2017-01-06","ratio":0.00977},{"period":"2017-01-07","ratio":0.0093},{"period":"2017-01-08","ratio":0.00693},{"period":"2017-01-09","ratio":0.00894},{"period":"2017-01-10","ratio":0.00891},{"period":"2017-01-11","ratio":0.00875},{"period":"2017-01-12","ratio":0.00812},{"period":"2017-01-13","ratio":0.00993},{"period":"2017-01-14","ratio":0.00835},{"period":"2017-01-15","ratio":0.00686},{"period":"2017-01-16","ratio":0.00808},{"period":"2017-01-17","ratio":0.00729},{"period":"2017-01-18","ratio":0.00898},{"period":"2017-01-19","ratio":0.00831},{"period":"2017-01-20","ratio":0.00678},{"period":"2017-01-21","ratio":0.00796},{"period":"2017-01-22","ratio":0.00701},{"period":"2017-01-23","ratio":0.00891},{"period":"2017-01-24","ratio":0.00977},{"period":"2017-01-25","ratio":0.00788},{"period":"2017-01-26","ratio":0.00654},{"period":"2017-01-27","ratio":0.0063},{"period":"2017-01-28","ratio":0.00544},{"period":"2017-01-29","ratio":0.00567},{"period":"2017-01-30","ratio":0.00634},{"period":"2017-01-31","ratio":0.00824},{"period":"2017-02-01","ratio":0.00772},{"period":"2017-02-02","ratio":0.0076},{"period":"2017-02-03","ratio":0.0067},{"period":"2017-02-04","ratio":0.00756},{"period":"2017-02-05","ratio":0.00654},{"period":"2017-02-06","ratio":0.00693},{"period":"2017-02-07","ratio":0.00816},{"period":"2017-02-08","ratio":0.00851},{"period":"2017-02-09","ratio":0.00733},{"period":"2017-02-10","ratio":0.00776},{"period":"2017-02-11","ratio":0.00749},{"period":"2017-02-12","ratio":0.00725},{"period":"2017-02-13","ratio":0.00741},{"period":"2017-02-14","ratio":0.00717},{"period":"2017-02-15","ratio":0.00733},{"period":"2017-02-16","ratio":0.008},{"period":"2017-02-17","ratio":0.00788},{"period":"2017-02-18","ratio":0.0076},{"period":"2017-02-19","ratio":0.00674},{"period":"2017-02-20","ratio":0.0065},{"period":"2017-02-21","ratio":0.00678},{"period":"2017-02-22","ratio":0.008},{"period":"2017-02-23","ratio":0.00713},{"period":"2017-02-24","ratio":0.00898},{"period":"2017-02-25","ratio":0.00701},{"period":"2017-02-26","ratio":0.00642},{"period":"2017-02-27","ratio":0.00674},{"period":"2017-02-28","ratio":0.0082},{"period":"2017-03-01","ratio":0.00753},{"period":"2017-03-02","ratio":0.00737},{"period":"2017-03-03","ratio":0.00697},{"period":"2017-03-04","ratio":0.00804},{"period":"2017-03-05","ratio":0.00804},{"period":"2017-03-06","ratio":0.00725},{"period":"2017-03-07","ratio":0.00808},{"period":"2017-03-08","ratio":0.00753},{"period":"2017-03-09","ratio":0.00824},{"period":"2017-03-10","ratio":0.00946},{"period":"2017-03-11","ratio":0.01478},{"period":"2017-03-12","ratio":0.00902},{"period":"2017-03-13","ratio":0.00891},{"period":"2017-03-14","ratio":0.0093},{"period":"2017-03-15","ratio":0.00934},{"period":"2017-03-16","ratio":0.00835},{"period":"2017-03-17","ratio":0.0093},{"period":"2017-03-18","ratio":0.00733},{"period":"2017-03-19","ratio":0.00709},{"period":"2017-03-20","ratio":0.00969},{"period":"2017-03-21","ratio":0.00847},{"period":"2017-03-22","ratio":0.00776},{"period":"2017-03-23","ratio":0.00847},{"period":"2017-03-24","ratio":0.00887},{"period":"2017-03-25","ratio":0.00847},{"period":"2017-03-26","ratio":0.00753},{"period":"2017-03-27","ratio":0.00958},{"period":"2017-03-28","ratio":0.00697},{"period":"2017-03-29","ratio":0.00835},{"period":"2017-03-30","ratio":0.00788},{"period":"2017-03-31","ratio":0.0076},{"period":"2017-04-01","ratio":0.00753},{"period":"2017-04-02","ratio":0.00666},{"period":"2017-04-03","ratio":0.00768},{"period":"2017-04-04","ratio":0.00804},{"period":"2017-04-05","ratio":0.01005},{"period":"2017-04-06","ratio":0.01001},{"period":"2017-04-07","ratio":0.01017},{"period":"2017-04-08","ratio":0.00851},{"period":"2017-04-09","ratio":0.00816},{"period":"2017-04-10","ratio":0.00729},{"period":"2017-04-11","ratio":0.00788},{"period":"2017-04-12","ratio":0.00776},{"period":"2017-04-13","ratio":0.00792},{"period":"2017-04-14","ratio":0.00729},{"period":"2017-04-15","ratio":0.00839},{"period":"2017-04-16","ratio":0.0063},{"period":"2017-04-17","ratio":0.00867},{"period":"2017-04-18","ratio":0.00784},{"period":"2017-04-19","ratio":0.00816},{"period":"2017-04-20","ratio":0.0108},{"period":"2017-04-21","ratio":0.01174},{"period":"2017-04-22","ratio":0.00816},{"period":"2017-04-23","ratio":0.01092},{"period":"2017-04-24","ratio":0.01005},{"period":"2017-04-25","ratio":0.01013},{"period":"2017-04-26","ratio":0.00891},{"period":"2017-04-27","ratio":0.00989},{"period":"2017-04-28","ratio":0.00835},{"period":"2017-04-29","ratio":0.00851},{"period":"2017-04-30","ratio":0.00922},{"period":"2017-05-01","ratio":0.00946},{"period":"2017-05-02","ratio":0.00831},{"period":"2017-05-03","ratio":0.00918},{"period":"2017-05-04","ratio":0.00851},{"period":"2017-05-05","ratio":0.00839},{"period":"2017-05-06","ratio":0.00847},{"period":"2017-05-07","ratio":0.0078},{"period":"2017-05-08","ratio":0.00772},{"period":"2017-05-09","ratio":0.00741},{"period":"2017-05-10","ratio":0.00839},{"period":"2017-05-11","ratio":0.01013},{"period":"2017-05-12","ratio":0.00812},{"period":"2017-05-13","ratio":0.00859},{"period":"2017-05-14","ratio":0.00875},{"period":"2017-05-15","ratio":0.00859},{"period":"2017-05-16","ratio":0.00851},{"period":"2017-05-17","ratio":0.00827},{"period":"2017-05-18","ratio":0.00926},{"period":"2017-05-19","ratio":0.00804},{"period":"2017-05-20","ratio":0.00914},{"period":"2017-05-21","ratio":0.00954},{"period":"2017-05-22","ratio":0.00914},{"period":"2017-05-23","ratio":0.00851},{"period":"2017-05-24","ratio":0.00693},{"period":"2017-05-25","ratio":0.00981},{"period":"2017-05-26","ratio":0.00883},{"period":"2017-05-27","ratio":0.00824},{"period":"2017-05-28","ratio":0.00879},{"period":"2017-05-29","ratio":0.00938},{"period":"2017-05-30","ratio":0.00887},{"period":"2017-05-31","ratio":0.00958},{"period":"2017-06-01","ratio":0.00902},{"period":"2017-06-02","ratio":0.01178},{"period":"2017-06-03","ratio":0.00816},{"period":"2017-06-04","ratio":0.01159},{"period":"2017-06-05","ratio":0.01202},{"period":"2017-06-06","ratio":0.01202},{"period":"2017-06-07","ratio":0.01032},{"period":"2017-06-08","ratio":0.0108},{"period":"2017-06-09","ratio":0.0093},{"period":"2017-06-10","ratio":0.00946},{"period":"2017-06-11","ratio":0.00965},{"period":"2017-06-12","ratio":0.01147},{"period":"2017-06-13","ratio":0.01474},{"period":"2017-06-14","ratio":0.01241},{"period":"2017-06-15","ratio":0.01068},{"period":"2017-06-16","ratio":0.01123},{"period":"2017-06-17","ratio":0.00993},{"period":"2017-06-18","ratio":0.01068},{"period":"2017-06-19","ratio":0.01115},{"period":"2017-06-20","ratio":0.01092},{"period":"2017-06-21","ratio":0.01001},{"period":"2017-06-22","ratio":0.01084},{"period":"2017-06-23","ratio":0.01281},{"period":"2017-06-24","ratio":0.01005},{"period":"2017-06-25","ratio":0.0108},{"period":"2017-06-26","ratio":0.00942},{"period":"2017-06-27","ratio":0.01092},{"period":"2017-06-28","ratio":0.01013},{"period":"2017-06-29","ratio":0.01029},{"period":"2017-06-30","ratio":0.00962},{"period":"2017-07-01","ratio":0.01119},{"period":"2017-07-02","ratio":0.0093},{"period":"2017-07-03","ratio":0.00902},{"period":"2017-07-04","ratio":0.00989},{"period":"2017-07-05","ratio":0.01017},{"period":"2017-07-06","ratio":0.011},{"period":"2017-07-07","ratio":0.00977},{"period":"2017-07-08","ratio":0.01072},{"period":"2017-07-09","ratio":0.01009},{"period":"2017-07-10","ratio":0.01001},{"period":"2017-07-11","ratio":0.00922},{"period":"2017-07-12","ratio":0.00969},{"period":"2017-07-13","ratio":0.01001},{"period":"2017-07-14","ratio":0.00981},{"period":"2017-07-15","ratio":0.0095},{"period":"2017-07-16","ratio":0.00816},{"period":"2017-07-17","ratio":0.00891},{"period":"2017-07-18","ratio":0.00958},{"period":"2017-07-19","ratio":0.0104},{"period":"2017-07-20","ratio":0.01009},{"period":"2017-07-21","ratio":0.00969},{"period":"2017-07-22","ratio":0.01068},{"period":"2017-07-23","ratio":0.00922},{"period":"2017-07-24","ratio":0.01052},{"period":"2017-07-25","ratio":0.01068},{"period":"2017-07-26","ratio":0.01092},{"period":"2017-07-27","ratio":0.0106},{"period":"2017-07-28","ratio":0.01005},{"period":"2017-07-29","ratio":0.00969},{"period":"2017-07-30","ratio":0.00997},{"period":"2017-07-31","ratio":0.01005},{"period":"2017-08-01","ratio":0.0108},{"period":"2017-08-02","ratio":0.01088},{"period":"2017-08-03","ratio":0.01009},{"period":"2017-08-04","ratio":0.01103},{"period":"2017-08-05","ratio":0.0091},{"period":"2017-08-06","ratio":0.0091},{"period":"2017-08-07","ratio":0.01076},{"period":"2017-08-08","ratio":0.0117},{"period":"2017-08-09","ratio":0.0121},{"period":"2017-08-10","ratio":0.01143},{"period":"2017-08-11","ratio":0.00977},{"period":"2017-08-12","ratio":0.0104},{"period":"2017-08-13","ratio":0.01178},{"period":"2017-08-14","ratio":0.00981},{"period":"2017-08-15","ratio":0.01111},{"period":"2017-08-16","ratio":0.0145},{"period":"2017-08-17","ratio":0.01403},{"period":"2017-08-18","ratio":0.01868},{"period":"2017-08-19","ratio":0.01092},{"period":"2017-08-20","ratio":0.01395},{"period":"2017-08-21","ratio":0.02034},{"period":"2017-08-22","ratio":0.0339},{"period":"2017-08-23","ratio":0.01778},{"period":"2017-08-24","ratio":0.01167},{"period":"2017-08-25","ratio":0.01198},{"period":"2017-08-26","ratio":0.01293},{"period":"2017-08-27","ratio":0.02334},{"period":"2017-08-28","ratio":0.01308},{"period":"2017-08-29","ratio":0.01076},{"period":"2017-08-30","ratio":0.00946},{"period":"2017-08-31","ratio":0.00863},{"period":"2017-09-01","ratio":0.01044},{"period":"2017-09-02","ratio":0.00989},{"period":"2017-09-03","ratio":0.00973},{"period":"2017-09-04","ratio":0.00894},{"period":"2017-09-05","ratio":0.01009},{"period":"2017-09-06","ratio":0.00883},{"period":"2017-09-07","ratio":0.00989},{"period":"2017-09-08","ratio":0.01029},{"period":"2017-09-09","ratio":0.01092},{"period":"2017-09-10","ratio":0.00855},{"period":"2017-09-11","ratio":0.00973},{"period":"2017-09-12","ratio":0.04356},{"period":"2017-09-13","ratio":0.01123},{"period":"2017-09-14","ratio":0.01167},{"period":"2017-09-15","ratio":0.00922},{"period":"2017-09-16","ratio":0.00894},{"period":"2017-09-17","ratio":0.00946},{"period":"2017-09-18","ratio":0.00918},{"period":"2017-09-19","ratio":0.01498},{"period":"2017-09-20","ratio":0.00914},{"period":"2017-09-21","ratio":0.00962},{"period":"2017-09-22","ratio":0.00906},{"period":"2017-09-23","ratio":0.00891},{"period":"2017-09-24","ratio":0.00697},{"period":"2017-09-25","ratio":0.00894},{"period":"2017-09-26","ratio":0.01005},{"period":"2017-09-27","ratio":0.00792},{"period":"2017-09-28","ratio":0.00705},{"period":"2017-09-29","ratio":0.00816},{"period":"2017-09-30","ratio":0.00713},{"period":"2017-10-01","ratio":0.00831},{"period":"2017-10-02","ratio":0.0078},{"period":"2017-10-03","ratio":0.00733},{"period":"2017-10-04","ratio":0.00816},{"period":"2017-10-05","ratio":0.00816},{"period":"2017-10-06","ratio":0.00871},{"period":"2017-10-07","ratio":0.00997},{"period":"2017-10-08","ratio":0.008},{"period":"2017-10-09","ratio":0.00831},{"period":"2017-10-10","ratio":0.00934},{"period":"2017-10-11","ratio":0.00902},{"period":"2017-10-12","ratio":0.00835},{"period":"2017-10-13","ratio":0.00859},{"period":"2017-10-14","ratio":0.00768},{"period":"2017-10-15","ratio":0.00733},{"period":"2017-10-16","ratio":0.00859},{"period":"2017-10-17","ratio":0.0076},{"period":"2017-10-18","ratio":0.00839},{"period":"2017-10-19","ratio":0.00784},{"period":"2017-10-20","ratio":0.00756},{"period":"2017-10-21","ratio":0.00827},{"period":"2017-10-22","ratio":0.00725},{"period":"2017-10-23","ratio":0.0095},{"period":"2017-10-24","ratio":0.00894},{"period":"2017-10-25","ratio":0.00867},{"period":"2017-10-26","ratio":0.00808},{"period":"2017-10-27","ratio":0.00914},{"period":"2017-10-28","ratio":0.00666},{"period":"2017-10-29","ratio":0.0067},{"period":"2017-10-30","ratio":0.0078},{"period":"2017-10-31","ratio":0.00816},{"period":"2017-11-01","ratio":0.00863},{"period":"2017-11-02","ratio":0.00788},{"period":"2017-11-03","ratio":0.008},{"period":"2017-11-04","ratio":0.00674},{"period":"2017-11-05","ratio":0.00662},{"period":"2017-11-06","ratio":0.00764},{"period":"2017-11-07","ratio":0.00721},{"period":"2017-11-08","ratio":0.00776},{"period":"2017-11-09","ratio":0.00729},{"period":"2017-11-10","ratio":0.0067},{"period":"2017-11-11","ratio":0.00686},{"period":"2017-11-12","ratio":0.0078},{"period":"2017-11-13","ratio":0.00772},{"period":"2017-11-14","ratio":0.00867},{"period":"2017-11-15","ratio":0.00745},{"period":"2017-11-16","ratio":0.00827},{"period":"2017-11-17","ratio":0.00784},{"period":"2017-11-18","ratio":0.00745},{"period":"2017-11-19","ratio":0.00603},{"period":"2017-11-20","ratio":0.00831},{"period":"2017-11-21","ratio":0.00867},{"period":"2017-11-22","ratio":0.00804},{"period":"2017-11-23","ratio":0.00768},{"period":"2017-11-24","ratio":0.00674},{"period":"2017-11-25","ratio":0.00713},{"period":"2017-11-26","ratio":0.00686},{"period":"2017-11-27","ratio":0.00721},{"period":"2017-11-28","ratio":0.00709},{"period":"2017-11-29","ratio":0.00737},{"period":"2017-11-30","ratio":0.00674},{"period":"2017-12-01","ratio":0.00796},{"period":"2017-12-02","ratio":0.00749},{"period":"2017-12-03","ratio":0.00662},{"period":"2017-12-04","ratio":0.008},{"period":"2017-12-05","ratio":0.00772},{"period":"2017-12-06","ratio":0.00705},{"period":"2017-12-07","ratio":0.00725},{"period":"2017-12-08","ratio":0.00713},{"period":"2017-12-09","ratio":0.00721},{"period":"2017-12-10","ratio":0.00689},{"period":"2017-12-11","ratio":0.00871},{"period":"2017-12-12","ratio":0.00753},{"period":"2017-12-13","ratio":0.00776},{"period":"2017-12-14","ratio":0.00863},{"period":"2017-12-15","ratio":0.00784},{"period":"2017-12-16","ratio":0.00611},{"period":"2017-12-17","ratio":0.00595},{"period":"2017-12-18","ratio":0.00721},{"period":"2017-12-19","ratio":0.00693},{"period":"2017-12-20","ratio":0.00729},{"period":"2017-12-21","ratio":0.00717},{"period":"2017-12-22","ratio":0.00686},{"period":"2017-12-23","ratio":0.00642},{"period":"2017-12-24","ratio":0.0063},{"period":"2017-12-25","ratio":0.00764},{"period":"2017-12-26","ratio":0.0067},{"period":"2017-12-27","ratio":0.00709},{"period":"2017-12-28","ratio":0.00717},{"period":"2017-12-29","ratio":0.00756},{"period":"2017-12-30","ratio":0.00693},{"period":"2017-12-31","ratio":0.00776},{"period":"2018-01-01","ratio":0.00571},{"period":"2018-01-02","ratio":0.00658},{"period":"2018-01-03","ratio":0.0067},{"period":"2018-01-04","ratio":0.00737},{"period":"2018-01-05","ratio":0.00875},{"period":"2018-01-06","ratio":0.00784},{"period":"2018-01-07","ratio":0.00764},{"period":"2018-01-08","ratio":0.00737},{"period":"2018-01-09","ratio":0.00887},{"period":"2018-01-10","ratio":0.00788},{"period":"2018-01-11","ratio":0.00658},{"period":"2018-01-12","ratio":0.00812},{"period":"2018-01-13","ratio":0.00642},{"period":"2018-01-14","ratio":0.00682},{"period":"2018-01-15","ratio":0.00776},{"period":"2018-01-16","ratio":0.00835},{"period":"2018-01-17","ratio":0.00855},{"period":"2018-01-18","ratio":0.0078},{"period":"2018-01-19","ratio":0.00697},{"period":"2018-01-20","ratio":0.00784},{"period":"2018-01-21","ratio":0.00599},{"period":"2018-01-22","ratio":0.0078},{"period":"2018-01-23","ratio":0.00827},{"period":"2018-01-24","ratio":0.00824},{"period":"2018-01-25","ratio":0.00855},{"period":"2018-01-26","ratio":0.00824},{"period":"2018-01-27","ratio":0.00843},{"period":"2018-01-28","ratio":0.00756},{"period":"2018-01-29","ratio":0.00824},{"period":"2018-01-30","ratio":0.00741},{"period":"2018-01-31","ratio":0.01297},{"period":"2018-02-01","ratio":0.00843},{"period":"2018-02-02","ratio":0.00749},{"period":"2018-02-03","ratio":0.0076},{"period":"2018-02-04","ratio":0.00666},{"period":"2018-02-05","ratio":0.00768},{"period":"2018-02-06","ratio":0.00843},{"period":"2018-02-07","ratio":0.00891},{"period":"2018-02-08","ratio":0.008},{"period":"2018-02-09","ratio":0.00812},{"period":"2018-02-10","ratio":0.00792},{"period":"2018-02-11","ratio":0.00622},{"period":"2018-02-12","ratio":0.00717},{"period":"2018-02-13","ratio":0.00622},{"period":"2018-02-14","ratio":0.00686},{"period":"2018-02-15","ratio":0.00571},{"period":"2018-02-16","ratio":0.00599},{"period":"2018-02-17","ratio":0.00689},{"period":"2018-02-18","ratio":0.00583},{"period":"2018-02-19","ratio":0.0078},{"period":"2018-02-20","ratio":0.00772},{"period":"2018-02-21","ratio":0.00717},{"period":"2018-02-22","ratio":0.00634},{"period":"2018-02-23","ratio":0.0076},{"period":"2018-02-24","ratio":0.00705},{"period":"2018-02-25","ratio":0.00595},{"period":"2018-02-26","ratio":0.008},{"period":"2018-02-27","ratio":0.00827},{"period":"2018-02-28","ratio":0.00772},{"period":"2018-03-01","ratio":0.00662},{"period":"2018-03-02","ratio":0.00756},{"period":"2018-03-03","ratio":0.00741},{"period":"2018-03-04","ratio":0.00611},{"period":"2018-03-05","ratio":0.00622},{"period":"2018-03-06","ratio":0.00693},{"period":"2018-03-07","ratio":0.00709},{"period":"2018-03-08","ratio":0.00622},{"period":"2018-03-09","ratio":0.00737},{"period":"2018-03-10","ratio":0.00729},{"period":"2018-03-11","ratio":0.00745},{"period":"2018-03-12","ratio":0.00709},{"period":"2018-03-13","ratio":0.008},{"period":"2018-03-14","ratio":0.00634},{"period":"2018-03-15","ratio":0.00847},{"period":"2018-03-16","ratio":0.00804},{"period":"2018-03-17","ratio":0.00607},{"period":"2018-03-18","ratio":0.00682},{"period":"2018-03-19","ratio":0.00835},{"period":"2018-03-20","ratio":0.00768},{"period":"2018-03-21","ratio":0.00788},{"period":"2018-03-22","ratio":0.00792},{"period":"2018-03-23","ratio":0.00772},{"period":"2018-03-24","ratio":0.00737},{"period":"2018-03-25","ratio":0.00607},{"period":"2018-03-26","ratio":0.008},{"period":"2018-03-27","ratio":0.00697},{"period":"2018-03-28","ratio":0.00898},{"period":"2018-03-29","ratio":0.00839},{"period":"2018-03-30","ratio":0.00697},{"period":"2018-03-31","ratio":0.00709},{"period":"2018-04-01","ratio":0.00615},{"period":"2018-04-02","ratio":0.00603},{"period":"2018-04-03","ratio":0.00772},{"period":"2018-04-04","ratio":0.00721},{"period":"2018-04-05","ratio":0.00737},{"period":"2018-04-06","ratio":0.00764},{"period":"2018-04-07","ratio":0.00737},{"period":"2018-04-08","ratio":0.00717},{"period":"2018-04-09","ratio":0.00871},{"period":"2018-04-10","ratio":0.00745},{"period":"2018-04-11","ratio":0.00847},{"period":"2018-04-12","ratio":0.00776},{"period":"2018-04-13","ratio":0.0082},{"period":"2018-04-14","ratio":0.00788},{"period":"2018-04-15","ratio":0.0076},{"period":"2018-04-16","ratio":0.00784},{"period":"2018-04-17","ratio":0.00745},{"period":"2018-04-18","ratio":0.00827},{"period":"2018-04-19","ratio":0.00776},{"period":"2018-04-20","ratio":0.00733},{"period":"2018-04-21","ratio":0.00796},{"period":"2018-04-22","ratio":0.0076},{"period":"2018-04-23","ratio":0.00678},{"period":"2018-04-24","ratio":0.00812},{"period":"2018-04-25","ratio":0.00796},{"period":"2018-04-26","ratio":0.00831},{"period":"2018-04-27","ratio":0.00918},{"period":"2018-04-28","ratio":0.00851},{"period":"2018-04-29","ratio":0.00626},{"period":"2018-04-30","ratio":0.00701},{"period":"2018-05-01","ratio":0.00784},{"period":"2018-05-02","ratio":0.00662},{"period":"2018-05-03","ratio":0.00867},{"period":"2018-05-04","ratio":0.00855},{"period":"2018-05-05","ratio":0.00883},{"period":"2018-05-06","ratio":0.00721},{"period":"2018-05-07","ratio":0.00993},{"period":"2018-05-08","ratio":0.00875},{"period":"2018-05-09","ratio":0.00768},{"period":"2018-05-10","ratio":0.00851},{"period":"2018-05-11","ratio":0.00851},{"period":"2018-05-12","ratio":0.00792},{"period":"2018-05-13","ratio":0.00788},{"period":"2018-05-14","ratio":0.00851},{"period":"2018-05-15","ratio":0.00891},{"period":"2018-05-16","ratio":0.01029},{"period":"2018-05-17","ratio":0.0065},{"period":"2018-05-18","ratio":0.00847},{"period":"2018-05-19","ratio":0.0082},{"period":"2018-05-20","ratio":0.00693},{"period":"2018-05-21","ratio":0.00867},{"period":"2018-05-22","ratio":0.0076},{"period":"2018-05-23","ratio":0.00772},{"period":"2018-05-24","ratio":0.00843},{"period":"2018-05-25","ratio":0.00894},{"period":"2018-05-26","ratio":0.00946},{"period":"2018-05-27","ratio":0.00784},{"period":"2018-05-28","ratio":0.0082},{"period":"2018-05-29","ratio":0.00993},{"period":"2018-05-30","ratio":0.00875},{"period":"2018-05-31","ratio":0.00812},{"period":"2018-06-01","ratio":0.01029},{"period":"2018-06-02","ratio":0.00918},{"period":"2018-06-03","ratio":0.00965},{"period":"2018-06-04","ratio":0.00938},{"period":"2018-06-05","ratio":0.00859},{"period":"2018-06-06","ratio":0.00847},{"period":"2018-06-07","ratio":0.00891},{"period":"2018-06-08","ratio":0.00894},{"period":"2018-06-09","ratio":0.00985},{"period":"2018-06-10","ratio":0.00855},{"period":"2018-06-11","ratio":0.01052},{"period":"2018-06-12","ratio":0.00981},{"period":"2018-06-13","ratio":0.00721},{"period":"2018-06-14","ratio":0.00946},{"period":"2018-06-15","ratio":0.00965},{"period":"2018-06-16","ratio":0.01044},{"period":"2018-06-17","ratio":0.0104},{"period":"2018-06-18","ratio":0.01202},{"period":"2018-06-19","ratio":0.01013},{"period":"2018-06-20","ratio":0.01017},{"period":"2018-06-21","ratio":0.01068},{"period":"2018-06-22","ratio":0.01139},{"period":"2018-06-23","ratio":0.01194},{"period":"2018-06-24","ratio":0.05914},{"period":"2018-06-25","ratio":0.00942},{"period":"2018-06-26","ratio":0.00977},{"period":"2018-06-27","ratio":0.01032},{"period":"2018-06-28","ratio":0.01344},{"period":"2018-06-29","ratio":0.0095},{"period":"2018-06-30","ratio":0.00977},{"period":"2018-07-01","ratio":0.01021},{"period":"2018-07-02","ratio":0.01107},{"period":"2018-07-03","ratio":0.00922},{"period":"2018-07-04","ratio":0.00898},{"period":"2018-07-05","ratio":0.01376},{"period":"2018-07-06","ratio":0.01376},{"period":"2018-07-07","ratio":0.01348},{"period":"2018-07-08","ratio":0.01056},{"period":"2018-07-09","ratio":0.011},{"period":"2018-07-10","ratio":0.0093},{"period":"2018-07-11","ratio":0.01044},{"period":"2018-07-12","ratio":0.00977},{"period":"2018-07-13","ratio":0.01076},{"period":"2018-07-14","ratio":0.00918},{"period":"2018-07-15","ratio":0.00855},{"period":"2018-07-16","ratio":0.00756},{"period":"2018-07-17","ratio":0.00871},{"period":"2018-07-18","ratio":0.00985},{"period":"2018-07-19","ratio":0.00914},{"period":"2018-07-20","ratio":0.01632},{"period":"2018-07-21","ratio":0.01387},{"period":"2018-07-22","ratio":0.00989},{"period":"2018-07-23","ratio":0.01123},{"period":"2018-07-24","ratio":0.01025},{"period":"2018-07-25","ratio":0.011},{"period":"2018-07-26","ratio":0.00965},{"period":"2018-07-27","ratio":0.01005},{"period":"2018-07-28","ratio":0.00973},{"period":"2018-07-29","ratio":0.00914},{"period":"2018-07-30","ratio":0.01273},{"period":"2018-07-31","ratio":0.00997},{"period":"2018-08-01","ratio":0.00898},{"period":"2018-08-02","ratio":0.01159},{"period":"2018-08-03","ratio":0.01348},{"period":"2018-08-04","ratio":0.01257},{"period":"2018-08-05","ratio":0.01107},{"period":"2018-08-06","ratio":0.01119},{"period":"2018-08-07","ratio":0.01324},{"period":"2018-08-08","ratio":0.01249},{"period":"2018-08-09","ratio":0.01273},{"period":"2018-08-10","ratio":0.01581},{"period":"2018-08-11","ratio":0.01482},{"period":"2018-08-12","ratio":0.02129},{"period":"2018-08-13","ratio":0.0255},{"period":"2018-08-14","ratio":0.01336},{"period":"2018-08-15","ratio":0.01123},{"period":"2018-08-16","ratio":0.01261},{"period":"2018-08-17","ratio":0.0106},{"period":"2018-08-18","ratio":0.01096},{"period":"2018-08-19","ratio":0.01198},{"period":"2018-08-20","ratio":0.01001},{"period":"2018-08-21","ratio":0.01032},{"period":"2018-08-22","ratio":0.00989},{"period":"2018-08-23","ratio":0.00914},{"period":"2018-08-24","ratio":0.00989},{"period":"2018-08-25","ratio":0.00973},{"period":"2018-08-26","ratio":0.01029},{"period":"2018-08-27","ratio":0.00918},{"period":"2018-08-28","ratio":0.00875},{"period":"2018-08-29","ratio":0.00835},{"period":"2018-08-30","ratio":0.00812},{"period":"2018-08-31","ratio":0.00954},{"period":"2018-09-01","ratio":0.00898},{"period":"2018-09-02","ratio":0.00764},{"period":"2018-09-03","ratio":0.00898},{"period":"2018-09-04","ratio":0.00977},{"period":"2018-09-05","ratio":0.00792},{"period":"2018-09-06","ratio":0.01036},{"period":"2018-09-07","ratio":0.01048},{"period":"2018-09-08","ratio":0.00962},{"period":"2018-09-09","ratio":0.00891},{"period":"2018-09-10","ratio":0.01186},{"period":"2018-09-11","ratio":0.00958},{"period":"2018-09-12","ratio":0.0108},{"period":"2018-09-13","ratio":0.00859},{"period":"2018-09-14","ratio":0.01013},{"period":"2018-09-15","ratio":0.00875},{"period":"2018-09-16","ratio":0.00894},{"period":"2018-09-17","ratio":0.00827},{"period":"2018-09-18","ratio":0.00902},{"period":"2018-09-19","ratio":0.00906},{"period":"2018-09-20","ratio":0.00879},{"period":"2018-09-21","ratio":0.00962},{"period":"2018-09-22","ratio":0.00654},{"period":"2018-09-23","ratio":0.00745},{"period":"2018-09-24","ratio":0.00843},{"period":"2018-09-25","ratio":0.00859},{"period":"2018-09-26","ratio":0.00812},{"period":"2018-09-27","ratio":0.00969},{"period":"2018-09-28","ratio":0.008},{"period":"2018-09-29","ratio":0.00958},{"period":"2018-09-30","ratio":0.00902},{"period":"2018-10-01","ratio":0.00812},{"period":"2018-10-02","ratio":0.00863},{"period":"2018-10-03","ratio":0.00796},{"period":"2018-10-04","ratio":0.00946},{"period":"2018-10-05","ratio":0.01005},{"period":"2018-10-06","ratio":0.00863},{"period":"2018-10-07","ratio":0.00827},{"period":"2018-10-08","ratio":0.00946},{"period":"2018-10-09","ratio":0.00898},{"period":"2018-10-10","ratio":0.00879},{"period":"2018-10-11","ratio":0.00977},{"period":"2018-10-12","ratio":0.01017},{"period":"2018-10-13","ratio":0.00977},{"period":"2018-10-14","ratio":0.00705},{"period":"2018-10-15","ratio":0.00985},{"period":"2018-10-16","ratio":0.00883},{"period":"2018-10-17","ratio":0.00946},{"period":"2018-10-18","ratio":0.00847},{"period":"2018-10-19","ratio":0.00867},{"period":"2018-10-20","ratio":0.00745},{"period":"2018-10-21","ratio":0.00662},{"period":"2018-10-22","ratio":0.00875},{"period":"2018-10-23","ratio":0.00902},{"period":"2018-10-24","ratio":0.0095},{"period":"2018-10-25","ratio":0.00985},{"period":"2018-10-26","ratio":0.0108},{"period":"2018-10-27","ratio":0.00985},{"period":"2018-10-28","ratio":0.0078},{"period":"2018-10-29","ratio":0.0095},{"period":"2018-10-30","ratio":0.00926},{"period":"2018-10-31","ratio":0.0091},{"period":"2018-11-01","ratio":0.0093},{"period":"2018-11-02","ratio":0.00954},{"period":"2018-11-03","ratio":0.00812},{"period":"2018-11-04","ratio":0.00729},{"period":"2018-11-05","ratio":0.00729},{"period":"2018-11-06","ratio":0.00831},{"period":"2018-11-07","ratio":0.008},{"period":"2018-11-08","ratio":0.00867},{"period":"2018-11-09","ratio":0.00938},{"period":"2018-11-10","ratio":0.01013},{"period":"2018-11-11","ratio":0.00879},{"period":"2018-11-12","ratio":0.00906},{"period":"2018-11-13","ratio":0.00875},{"period":"2018-11-14","ratio":0.00847},{"period":"2018-11-15","ratio":0.00867},{"period":"2018-11-16","ratio":0.00906},{"period":"2018-11-17","ratio":0.0104},{"period":"2018-11-18","ratio":0.02996},{"period":"2018-11-19","ratio":0.01186},{"period":"2018-11-20","ratio":0.00926},{"period":"2018-11-21","ratio":0.00954},{"period":"2018-11-22","ratio":0.00958},{"period":"2018-11-23","ratio":0.00914},{"period":"2018-11-24","ratio":0.01348},{"period":"2018-11-25","ratio":0.00934},{"period":"2018-11-26","ratio":0.01001},{"period":"2018-11-27","ratio":0.0093},{"period":"2018-11-28","ratio":0.00875},{"period":"2018-11-29","ratio":0.00902},{"period":"2018-11-30","ratio":0.00835},{"period":"2018-12-01","ratio":0.00824},{"period":"2018-12-02","ratio":0.00749},{"period":"2018-12-03","ratio":0.00891},{"period":"2018-12-04","ratio":0.00788},{"period":"2018-12-05","ratio":0.00859},{"period":"2018-12-06","ratio":0.0076},{"period":"2018-12-07","ratio":0.00745},{"period":"2018-12-08","ratio":0.00745},{"period":"2018-12-09","ratio":0.0082},{"period":"2018-12-10","ratio":0.00772},{"period":"2018-12-11","ratio":0.00855},{"period":"2018-12-12","ratio":0.00768},{"period":"2018-12-13","ratio":0.00827},{"period":"2018-12-14","ratio":0.00863},{"period":"2018-12-15","ratio":0.00812},{"period":"2018-12-16","ratio":0.00682},{"period":"2018-12-17","ratio":0.01021},{"period":"2018-12-18","ratio":0.00812},{"period":"2018-12-19","ratio":0.00812},{"period":"2018-12-20","ratio":0.00772},{"period":"2018-12-21","ratio":0.00812},{"period":"2018-12-22","ratio":0.00824},{"period":"2018-12-23","ratio":0.00729},{"period":"2018-12-24","ratio":0.00792},{"period":"2018-12-25","ratio":0.00827},{"period":"2018-12-26","ratio":0.00879},{"period":"2018-12-27","ratio":0.00851},{"period":"2018-12-28","ratio":0.00938},{"period":"2018-12-29","ratio":0.0082},{"period":"2018-12-30","ratio":0.00626},{"period":"2018-12-31","ratio":0.00958},{"period":"2019-01-01","ratio":0.00646},{"period":"2019-01-02","ratio":0.00824},{"period":"2019-01-03","ratio":0.00713},{"period":"2019-01-04","ratio":0.00756},{"period":"2019-01-05","ratio":0.00796},{"period":"2019-01-06","ratio":0.01833},{"period":"2019-01-07","ratio":0.00804},{"period":"2019-01-08","ratio":0.00824},{"period":"2019-01-09","ratio":0.00926},{"period":"2019-01-10","ratio":0.00879},{"period":"2019-01-11","ratio":0.00981},{"period":"2019-01-12","ratio":0.00863},{"period":"2019-01-13","ratio":0.00709},{"period":"2019-01-14","ratio":0.00875},{"period":"2019-01-15","ratio":0.00749},{"period":"2019-01-16","ratio":0.00879},{"period":"2019-01-17","ratio":0.00741},{"period":"2019-01-18","ratio":0.00808},{"period":"2019-01-19","ratio":0.00689},{"period":"2019-01-20","ratio":0.00713},{"period":"2019-01-21","ratio":0.00638},{"period":"2019-01-22","ratio":0.00804},{"period":"2019-01-23","ratio":0.0078},{"period":"2019-01-24","ratio":0.00713},{"period":"2019-01-25","ratio":0.00654},{"period":"2019-01-26","ratio":0.00729},{"period":"2019-01-27","ratio":0.00595},{"period":"2019-01-28","ratio":0.00772},{"period":"2019-01-29","ratio":0.00875},{"period":"2019-01-30","ratio":0.00666},{"period":"2019-01-31","ratio":0.0076},{"period":"2019-02-01","ratio":0.0076},{"period":"2019-02-02","ratio":0.00658},{"period":"2019-02-03","ratio":0.00658},{"period":"2019-02-04","ratio":0.00607},{"period":"2019-02-05","ratio":0.00634},{"period":"2019-02-06","ratio":0.00729},{"period":"2019-02-07","ratio":0.00662},{"period":"2019-02-08","ratio":0.00827},{"period":"2019-02-09","ratio":0.008},{"period":"2019-02-10","ratio":0.00721},{"period":"2019-02-11","ratio":0.00682},{"period":"2019-02-12","ratio":0.00764},{"period":"2019-02-13","ratio":0.00792},{"period":"2019-02-14","ratio":0.00851},{"period":"2019-02-15","ratio":0.00745},{"period":"2019-02-16","ratio":0.00898},{"period":"2019-02-17","ratio":0.00745},{"period":"2019-02-18","ratio":0.00883},{"period":"2019-02-19","ratio":0.00788},{"period":"2019-02-20","ratio":0.0076},{"period":"2019-02-21","ratio":0.00701},{"period":"2019-02-22","ratio":0.00678},{"period":"2019-02-23","ratio":0.00693},{"period":"2019-02-24","ratio":0.00701},{"period":"2019-02-25","ratio":0.0076},{"period":"2019-02-26","ratio":0.0076},{"period":"2019-02-27","ratio":0.00756},{"period":"2019-02-28","ratio":0.00808},{"period":"2019-03-01","ratio":0.00701},{"period":"2019-03-02","ratio":0.00725},{"period":"2019-03-03","ratio":0.00705},{"period":"2019-03-04","ratio":0.00682},{"period":"2019-03-05","ratio":0.00808},{"period":"2019-03-06","ratio":0.00816},{"period":"2019-03-07","ratio":0.00816},{"period":"2019-03-08","ratio":0.008},{"period":"2019-03-09","ratio":0.00863},{"period":"2019-03-10","ratio":0.00717},{"period":"2019-03-11","ratio":0.00788},{"period":"2019-03-12","ratio":0.00717},{"period":"2019-03-13","ratio":0.00831},{"period":"2019-03-14","ratio":0.00737},{"period":"2019-03-15","ratio":0.00788},{"period":"2019-03-16","ratio":0.00812},{"period":"2019-03-17","ratio":0.00674},{"period":"2019-03-18","ratio":0.00776},{"period":"2019-03-19","ratio":0.00879},{"period":"2019-03-20","ratio":0.00859},{"period":"2019-03-21","ratio":0.00859},{"period":"2019-03-22","ratio":0.008},{"period":"2019-03-23","ratio":0.00682},{"period":"2019-03-24","ratio":0.00611},{"period":"2019-03-25","ratio":0.00678},{"period":"2019-03-26","ratio":0.00784},{"period":"2019-03-27","ratio":0.00721},{"period":"2019-03-28","ratio":0.0078},{"period":"2019-03-29","ratio":0.008},{"period":"2019-03-30","ratio":0.00666},{"period":"2019-03-31","ratio":0.00697},{"period":"2019-04-01","ratio":0.00772},{"period":"2019-04-02","ratio":0.00898},{"period":"2019-04-03","ratio":0.0082},{"period":"2019-04-04","ratio":0.00867},{"period":"2019-04-05","ratio":0.00717},{"period":"2019-04-06","ratio":0.00725},{"period":"2019-04-07","ratio":0.00745},{"period":"2019-04-08","ratio":0.00875},{"period":"2019-04-09","ratio":0.00788},{"period":"2019-04-10","ratio":0.02326},{"period":"2019-04-11","ratio":0.05015},{"period":"2019-04-12","ratio":0.00863},{"period":"2019-04-13","ratio":0.00835},{"period":"2019-04-14","ratio":0.00816},{"period":"2019-04-15","ratio":0.00764},{"period":"2019-04-16","ratio":0.00847},{"period":"2019-04-17","ratio":0.00965},{"period":"2019-04-18","ratio":0.00898},{"period":"2019-04-19","ratio":0.00867},{"period":"2019-04-20","ratio":0.00693},{"period":"2019-04-21","ratio":0.0093},{"period":"2019-04-22","ratio":0.01123},{"period":"2019-04-23","ratio":0.0095},{"period":"2019-04-24","ratio":0.00875},{"period":"2019-04-25","ratio":0.00891},{"period":"2019-04-26","ratio":0.00993},{"period":"2019-04-27","ratio":0.00879},{"period":"2019-04-28","ratio":0.00733},{"period":"2019-04-29","ratio":0.00812},{"period":"2019-04-30","ratio":0.0076},{"period":"2019-05-01","ratio":0.00674},{"period":"2019-05-02","ratio":0.00693},{"period":"2019-05-03","ratio":0.00812},{"period":"2019-05-04","ratio":0.00784},{"period":"2019-05-05","ratio":0.00859},{"period":"2019-05-06","ratio":0.00863},{"period":"2019-05-07","ratio":0.00796},{"period":"2019-05-08","ratio":0.00839},{"period":"2019-05-09","ratio":0.00756},{"period":"2019-05-10","ratio":0.00835},{"period":"2019-05-11","ratio":0.00808},{"period":"2019-05-12","ratio":0.00827},{"period":"2019-05-13","ratio":0.00749},{"period":"2019-05-14","ratio":0.00839},{"period":"2019-05-15","ratio":0.00729},{"period":"2019-05-16","ratio":0.00969},{"period":"2019-05-17","ratio":0.00879},{"period":"2019-05-18","ratio":0.00942},{"period":"2019-05-19","ratio":0.01013},{"period":"2019-05-20","ratio":0.00824},{"period":"2019-05-21","ratio":0.00831},{"period":"2019-05-22","ratio":0.00839},{"period":"2019-05-23","ratio":0.00894},{"period":"2019-05-24","ratio":0.00887},{"period":"2019-05-25","ratio":0.00879},{"period":"2019-05-26","ratio":0.00871},{"period":"2019-05-27","ratio":0.011},{"period":"2019-05-28","ratio":0.00973},{"period":"2019-05-29","ratio":0.00851},{"period":"2019-05-30","ratio":0.00784},{"period":"2019-05-31","ratio":0.00879},{"period":"2019-06-01","ratio":0.01025},{"period":"2019-06-02","ratio":0.00792},{"period":"2019-06-03","ratio":0.0104},{"period":"2019-06-04","ratio":0.00926},{"period":"2019-06-05","ratio":0.01001},{"period":"2019-06-06","ratio":0.00898},{"period":"2019-06-07","ratio":0.00962},{"period":"2019-06-08","ratio":0.01044},{"period":"2019-06-09","ratio":0.0078},{"period":"2019-06-10","ratio":0.00997},{"period":"2019-06-11","ratio":0.00851},{"period":"2019-06-12","ratio":0.01009},{"period":"2019-06-13","ratio":0.00871},{"period":"2019-06-14","ratio":0.01064},{"period":"2019-06-15","ratio":0.0093},{"period":"2019-06-16","ratio":0.01127},{"period":"2019-06-17","ratio":0.00922},{"period":"2019-06-18","ratio":0.011},{"period":"2019-06-19","ratio":0.00894},{"period":"2019-06-20","ratio":0.0095},{"period":"2019-06-21","ratio":0.00985},{"period":"2019-06-22","ratio":0.01115},{"period":"2019-06-23","ratio":0.0095},{"period":"2019-06-24","ratio":0.00989},{"period":"2019-06-25","ratio":0.011},{"period":"2019-06-26","ratio":0.00938},{"period":"2019-06-27","ratio":0.00973},{"period":"2019-06-28","ratio":0.01064},{"period":"2019-06-29","ratio":0.01111},{"period":"2019-06-30","ratio":0.00993},{"period":"2019-07-01","ratio":0.01147},{"period":"2019-07-02","ratio":0.01052},{"period":"2019-07-03","ratio":0.01245},{"period":"2019-07-04","ratio":0.01088},{"period":"2019-07-05","ratio":0.011},{"period":"2019-07-06","ratio":0.01214},{"period":"2019-07-07","ratio":0.01265},{"period":"2019-07-08","ratio":0.01092},{"period":"2019-07-09","ratio":0.01198},{"period":"2019-07-10","ratio":0.01163},{"period":"2019-07-11","ratio":0.00997},{"period":"2019-07-12","ratio":0.01103},{"period":"2019-07-13","ratio":0.01068},{"period":"2019-07-14","ratio":0.00954},{"period":"2019-07-15","ratio":0.00985},{"period":"2019-07-16","ratio":0.01005},{"period":"2019-07-17","ratio":0.01253},{"period":"2019-07-18","ratio":0.0106},{"period":"2019-07-19","ratio":0.00926},{"period":"2019-07-20","ratio":0.01285},{"period":"2019-07-21","ratio":0.01096},{"period":"2019-07-22","ratio":0.01084},{"period":"2019-07-23","ratio":0.01107},{"period":"2019-07-24","ratio":0.01155},{"period":"2019-07-25","ratio":0.01214},{"period":"2019-07-26","ratio":0.00969},{"period":"2019-07-27","ratio":0.0106},{"period":"2019-07-28","ratio":0.00997},{"period":"2019-07-29","ratio":0.01159},{"period":"2019-07-30","ratio":0.01052},{"period":"2019-07-31","ratio":0.01005},{"period":"2019-08-01","ratio":0.01096},{"period":"2019-08-02","ratio":0.01115},{"period":"2019-08-03","ratio":0.01135},{"period":"2019-08-04","ratio":0.01048},{"period":"2019-08-05","ratio":0.01182},{"period":"2019-08-06","ratio":0.01021},{"period":"2019-08-07","ratio":0.01155},{"period":"2019-08-08","ratio":0.01159},{"period":"2019-08-09","ratio":0.01115},{"period":"2019-08-10","ratio":0.0117},{"period":"2019-08-11","ratio":0.01025},{"period":"2019-08-12","ratio":0.01021},{"period":"2019-08-13","ratio":0.01107},{"period":"2019-08-14","ratio":0.01143},{"period":"2019-08-15","ratio":0.01194},{"period":"2019-08-16","ratio":0.01005},{"period":"2019-08-17","ratio":0.01048},{"period":"2019-08-18","ratio":0.01025},{"period":"2019-08-19","ratio":0.00997},{"period":"2019-08-20","ratio":0.01032},{"period":"2019-08-21","ratio":0.00997},{"period":"2019-08-22","ratio":0.00985},{"period":"2019-08-23","ratio":0.00962},{"period":"2019-08-24","ratio":0.01032},{"period":"2019-08-25","ratio":0.00859},{"period":"2019-08-26","ratio":0.00954},{"period":"2019-08-27","ratio":0.00985},{"period":"2019-08-28","ratio":0.0078},{"period":"2019-08-29","ratio":0.00721},{"period":"2019-08-30","ratio":0.00847},{"period":"2019-08-31","ratio":0.00851},{"period":"2019-09-01","ratio":0.00887},{"period":"2019-09-02","ratio":0.00891},{"period":"2019-09-03","ratio":0.00824},{"period":"2019-09-04","ratio":0.00863},{"period":"2019-09-05","ratio":0.00855},{"period":"2019-09-06","ratio":0.00883},{"period":"2019-09-07","ratio":0.00737},{"period":"2019-09-08","ratio":0.03753},{"period":"2019-09-09","ratio":0.01005},{"period":"2019-09-10","ratio":0.00918},{"period":"2019-09-11","ratio":0.008},{"period":"2019-09-12","ratio":0.00705},{"period":"2019-09-13","ratio":0.00954},{"period":"2019-09-14","ratio":0.01766},{"period":"2019-09-15","ratio":0.00847},{"period":"2019-09-16","ratio":0.01009},{"period":"2019-09-17","ratio":0.0091},{"period":"2019-09-18","ratio":0.01009},{"period":"2019-09-19","ratio":0.01111},{"period":"2019-09-20","ratio":0.01344},{"period":"2019-09-21","ratio":0.00847},{"period":"2019-09-22","ratio":0.00792},{"period":"2019-09-23","ratio":0.00891},{"period":"2019-09-24","ratio":0.00855},{"period":"2019-09-25","ratio":0.0082},{"period":"2019-09-26","ratio":0.00831},{"period":"2019-09-27","ratio":0.00981},{"period":"2019-09-28","ratio":0.00958},{"period":"2019-09-29","ratio":0.0082},{"period":"2019-09-30","ratio":0.00883},{"period":"2019-10-01","ratio":0.00796},{"period":"2019-10-02","ratio":0.00843},{"period":"2019-10-03","ratio":0.01068},{"period":"2019-10-04","ratio":0.00962},{"period":"2019-10-05","ratio":0.00946},{"period":"2019-10-06","ratio":0.0082},{"period":"2019-10-07","ratio":0.00946},{"period":"2019-10-08","ratio":0.01206},{"period":"2019-10-09","ratio":0.00902},{"period":"2019-10-10","ratio":0.00835},{"period":"2019-10-11","ratio":0.00914},{"period":"2019-10-12","ratio":0.00788},{"period":"2019-10-13","ratio":0.00741},{"period":"2019-10-14","ratio":0.00847},{"period":"2019-10-15","ratio":0.00705},{"period":"2019-10-16","ratio":0.008},{"period":"2019-10-17","ratio":0.00772},{"period":"2019-10-18","ratio":0.00879},{"period":"2019-10-19","ratio":0.00887},{"period":"2019-10-20","ratio":0.00831},{"period":"2019-10-21","ratio":0.00875},{"period":"2019-10-22","ratio":0.00871},{"period":"2019-10-23","ratio":0.00887},{"period":"2019-10-24","ratio":0.0091},{"period":"2019-10-25","ratio":0.00934},{"period":"2019-10-26","ratio":0.00792},{"period":"2019-10-27","ratio":0.00729},{"period":"2019-10-28","ratio":0.0076},{"period":"2019-10-29","ratio":0.00812},{"period":"2019-10-30","ratio":0.00804},{"period":"2019-10-31","ratio":0.00713},{"period":"2019-11-01","ratio":0.00768},{"period":"2019-11-02","ratio":0.00686},{"period":"2019-11-03","ratio":0.00891},{"period":"2019-11-04","ratio":0.0076},{"period":"2019-11-05","ratio":0.00831},{"period":"2019-11-06","ratio":0.00835},{"period":"2019-11-07","ratio":0.00867},{"period":"2019-11-08","ratio":0.00689},{"period":"2019-11-09","ratio":0.00839},{"period":"2019-11-10","ratio":0.00725},{"period":"2019-11-11","ratio":0.00721},{"period":"2019-11-12","ratio":0.00855},{"period":"2019-11-13","ratio":0.00812},{"period":"2019-11-14","ratio":0.00855},{"period":"2019-11-15","ratio":0.00989},{"period":"2019-11-16","ratio":0.01036},{"period":"2019-11-17","ratio":0.00922},{"period":"2019-11-18","ratio":0.00958},{"period":"2019-11-19","ratio":0.00816},{"period":"2019-11-20","ratio":0.00894},{"period":"2019-11-21","ratio":0.01036},{"period":"2019-11-22","ratio":0.0091},{"period":"2019-11-23","ratio":0.00922},{"period":"2019-11-24","ratio":0.00713},{"period":"2019-11-25","ratio":0.00772},{"period":"2019-11-26","ratio":0.00938},{"period":"2019-11-27","ratio":0.00753},{"period":"2019-11-28","ratio":0.00863},{"period":"2019-11-29","ratio":0.00764},{"period":"2019-11-30","ratio":0.00772},{"period":"2019-12-01","ratio":0.00662},{"period":"2019-12-02","ratio":0.0082},{"period":"2019-12-03","ratio":0.00737},{"period":"2019-12-04","ratio":0.00756},{"period":"2019-12-05","ratio":0.00772},{"period":"2019-12-06","ratio":0.00847},{"period":"2019-12-07","ratio":0.00867},{"period":"2019-12-08","ratio":0.0082},{"period":"2019-12-09","ratio":0.0091},{"period":"2019-12-10","ratio":0.00954},{"period":"2019-12-11","ratio":0.00784},{"period":"2019-12-12","ratio":0.00725},{"period":"2019-12-13","ratio":0.00717},{"period":"2019-12-14","ratio":0.00749},{"period":"2019-12-15","ratio":0.00768},{"period":"2019-12-16","ratio":0.00776},{"period":"2019-12-17","ratio":0.00812},{"period":"2019-12-18","ratio":0.00784},{"period":"2019-12-19","ratio":0.00622},{"period":"2019-12-20","ratio":0.0076},{"period":"2019-12-21","ratio":0.00871},{"period":"2019-12-22","ratio":0.00749},{"period":"2019-12-23","ratio":0.00788},{"period":"2019-12-24","ratio":0.00839},{"period":"2019-12-25","ratio":0.00658},{"period":"2019-12-26","ratio":0.00816},{"period":"2019-12-27","ratio":0.00776},{"period":"2019-12-28","ratio":0.00753},{"period":"2019-12-29","ratio":0.00619},{"period":"2019-12-30","ratio":0.00737},{"period":"2019-12-31","ratio":0.00898},{"period":"2020-01-01","ratio":0.00626},{"period":"2020-01-02","ratio":0.00764},{"period":"2020-01-03","ratio":0.00875},{"period":"2020-01-04","ratio":0.00847},{"period":"2020-01-05","ratio":0.00693},{"period":"2020-01-06","ratio":0.00851},{"period":"2020-01-07","ratio":0.00772},{"period":"2020-01-08","ratio":0.00808},{"period":"2020-01-09","ratio":0.05133},{"period":"2020-01-10","ratio":0.04541},{"period":"2020-01-11","ratio":0.01679},{"period":"2020-01-12","ratio":0.00926},{"period":"2020-01-13","ratio":0.01048},{"period":"2020-01-14","ratio":0.01107},{"period":"2020-01-15","ratio":0.00997},{"period":"2020-01-16","ratio":0.0136},{"period":"2020-01-17","ratio":0.0162},{"period":"2020-01-18","ratio":0.01088},{"period":"2020-01-19","ratio":0.01084},{"period":"2020-01-20","ratio":0.07601},{"period":"2020-01-21","ratio":0.14564},{"period":"2020-01-22","ratio":0.23585},{"period":"2020-01-23","ratio":0.88004},{"period":"2020-01-24","ratio":1.38708},{"period":"2020-01-25","ratio":1.14026},{"period":"2020-01-26","ratio":1.86824},{"period":"2020-01-27","ratio":2.17443},{"period":"2020-01-28","ratio":3.42316},{"period":"2020-01-29","ratio":3.20841},{"period":"2020-01-30","ratio":3.49051},{"period":"2020-01-31","ratio":5.25668},{"period":"2020-02-01","ratio":3.76882},{"period":"2020-02-02","ratio":4.07738},{"period":"2020-02-03","ratio":5.20172},{"period":"2020-02-04","ratio":5.06333},{"period":"2020-02-05","ratio":4.66389},{"period":"2020-02-06","ratio":5.90249},{"period":"2020-02-07","ratio":5.30296},{"period":"2020-02-08","ratio":4.15733},{"period":"2020-02-09","ratio":3.87208},{"period":"2020-02-10","ratio":4.48679},{"period":"2020-02-11","ratio":3.591},{"period":"2020-02-12","ratio":3.62192},{"period":"2020-02-13","ratio":4.64012},{"period":"2020-02-14","ratio":3.48152},{"period":"2020-02-15","ratio":2.64819},{"period":"2020-02-16","ratio":2.85376},{"period":"2020-02-17","ratio":3.26991},{"period":"2020-02-18","ratio":6.02184},{"period":"2020-02-19","ratio":20.70969},{"period":"2020-02-20","ratio":45.25657},{"period":"2020-02-21","ratio":64.94562},{"period":"2020-02-22","ratio":71.73716},{"period":"2020-02-23","ratio":71.49078},{"period":"2020-02-24","ratio":92.19491},{"period":"2020-02-25","ratio":100},{"period":"2020-02-26","ratio":85.713},{"period":"2020-02-27","ratio":83.98621},{"period":"2020-02-28","ratio":78.27931},{"period":"2020-02-29","ratio":67.88636},{"period":"2020-03-01","ratio":59.61671},{"period":"2020-03-02","ratio":75.62848},{"period":"2020-03-03","ratio":62.72194},{"period":"2020-03-04","ratio":56.90575},{"period":"2020-03-05","ratio":49.54126},{"period":"2020-03-06","ratio":42.46136},{"period":"2020-03-07","ratio":33.48667},{"period":"2020-03-08","ratio":32.77632},{"period":"2020-03-09","ratio":43.97673},{"period":"2020-03-10","ratio":45.67142},{"period":"2020-03-11","ratio":41.45711},{"period":"2020-03-12","ratio":39.09812},{"period":"2020-03-13","ratio":35.80809},{"period":"2020-03-14","ratio":27.00464},{"period":"2020-03-15","ratio":24.11717},{"period":"2020-03-16","ratio":32.07235},{"period":"2020-03-17","ratio":29.45586},{"period":"2020-03-18","ratio":29.24961},{"period":"2020-03-19","ratio":26.69372},{"period":"2020-03-20","ratio":24.81908},{"period":"2020-03-21","ratio":20.76063},{"period":"2020-03-22","ratio":20.89287},{"period":"2020-03-23","ratio":24.34833},{"period":"2020-03-24","ratio":23.34321},{"period":"2020-03-25","ratio":21.83391},{"period":"2020-03-26","ratio":21.42454},{"period":"2020-03-27","ratio":21.47867},{"period":"2020-03-28","ratio":18.89281},{"period":"2020-03-29","ratio":17.38702},{"period":"2020-03-30","ratio":19.90427},{"period":"2020-03-31","ratio":18.85453},{"period":"2020-04-01","ratio":17.68264},{"period":"2020-04-02","ratio":17.9858},{"period":"2020-04-03","ratio":17.22367}]}]}